user,z0,z1,z2,predicted_class
1100,0.9966666666666667,0.0,0.0033333333333333335,0
1101,0.9285714285714287,0.07142857142857142,0.0,0
1102,1.0,0.0,0.0,0
1103,1.0,0.0,0.0,0
1104,0.7949790794979079,0.15899581589958162,0.04602510460251046,0
1105,0.9866220735785953,0.013377926421404684,0.0,0
1106,1.0,0.0,0.0,0
1107,0.9966666666666667,0.0033333333333333335,0.0,0
1108,0.5598591549295774,0.4401408450704225,0.0,0
1109,0.9966777408637874,0.0033222591362126247,0.0,0
1110,0.9868421052631579,0.013157894736842105,0.0,0
1111,1.0,0.0,0.0,0
1112,1.0,0.0,0.0,0
1113,1.0,0.0,0.0,0
1114,1.0,0.0,0.0,0
1115,0.964516129032258,0.02258064516129032,0.012903225806451613,0
1116,0.12875536480686697,0.8712446351931331,0.0,1
1117,0.9675324675324676,0.03246753246753247,0.0,0
1118,0.9966666666666667,0.0033333333333333335,0.0,0
1119,0.9199999999999999,0.07999999999999999,0.0,0
1120,0.9966666666666667,0.0033333333333333335,0.0,0
1121,1.0,0.0,0.0,0
1122,1.0,0.0,0.0,0
1123,0.9933554817275747,0.006644518272425249,0.0,0
1124,0.9965277777777778,0.0,0.0034722222222222225,0
1125,1.0,0.0,0.0,0
1126,0.9966777408637874,0.0,0.0033222591362126247,0
1127,1.0,0.0,0.0,0
1128,0.9966777408637874,0.0033222591362126247,0.0,0
1129,0.9771986970684038,0.02280130293159609,0.0,0
1130,0.0,0.05063291139240507,0.949367088607595,2
1131,1.0,0.0,0.0,0
1132,0.990066225165563,0.009933774834437087,0.0,0
1133,0.841897233201581,0.15810276679841898,0.0,0
1134,0.9868421052631579,0.013157894736842105,0.0,0
1135,0.9705882352941176,0.029411764705882353,0.0,0
1136,0.9966666666666667,0.0033333333333333335,0.0,0
1137,0.9966777408637874,0.0033222591362126247,0.0,0
1138,0.23049960978682038,0.7695003902131796,0.0,1
1139,0.9932659932659932,0.0,0.006734006734006735,0
1140,1.0,0.0,0.0,0
1141,0.9705882352941176,0.029411764705882353,0.0,0
1142,1.0,0.0,0.0,0
1143,0.9105431309904154,0.0,0.08945686900958467,0
1144,0.982394366197183,0.0176056338028169,0.0,0
1145,0.9966666666666667,0.0033333333333333335,0.0,0
1146,0.9930795847750865,0.0,0.006920415224913495,0
1147,0.8501742160278746,0.14982578397212545,0.0,0
1148,0.9423076923076923,0.05448717948717948,0.003205128205128205,0
1149,0.7623456790123456,0.0,0.2376543209876543,0
1150,0.9868421052631579,0.0,0.013157894736842105,0
1151,1.0,0.0,0.0,0
1152,0.990066225165563,0.009933774834437087,0.0,0
1153,0.8575581395348838,0.002906976744186047,0.13953488372093026,0
1154,0.983108108108108,0.016891891891891893,0.0,0
1155,1.0,0.0,0.0,0
1156,1.0,0.0,0.0,0
1157,0.9490445859872612,0.050955414012738856,0.0,0
1158,1.0,0.0,0.0,0
1159,0.78839590443686,0.21160409556313992,0.0,0
1160,0.9933333333333333,0.006666666666666667,0.0,0
1161,1.0,0.0,0.0,0
1162,1.0,0.0,0.0,0
1163,0.003115264797507788,0.2585669781931464,0.7383177570093458,2
1164,1.0,0.0,0.0,0
1165,0.9788732394366197,0.02112676056338028,0.0,0
1166,0.7590759075907592,0.24092409240924093,0.0,0
1167,1.0,0.0,0.0,0
1168,1.0,0.0,0.0,0
1169,0.9292929292929294,0.07070707070707072,0.0,0
1170,1.0,0.0,0.0,0
1171,0.9966442953020135,0.0033557046979865775,0.0,0
1172,0.9932885906040269,0.0,0.006711409395973154,0
1173,0.9559322033898305,0.0440677966101695,0.0,0
1174,0.985663082437276,0.0,0.014336917562724016,0
1175,0.9800664451827243,0.0,0.01993355481727575,0
1176,0.9644012944983819,0.03559870550161812,0.0,0
1177,0.8701298701298702,0.0,0.12987012987012989,0
1178,0.9899665551839465,0.010033444816053512,0.0,0
1179,1.0,0.0,0.0,0
1180,0.0033222591362126247,0.0,0.9966777408637874,2
1181,1.0,0.0,0.0,0
1182,1.0,0.0,0.0,0
1183,0.9433333333333334,0.03666666666666667,0.02,0
1184,1.0,0.0,0.0,0
1185,1.0,0.0,0.0,0
1186,0.9966442953020135,0.0033557046979865775,0.0,0
1187,0.9522292993630573,0.04777070063694268,0.0,0
1188,1.0,0.0,0.0,0
1189,0.9697986577181209,0.0033557046979865775,0.02684563758389262,0
1190,0.7407793290268806,0.25922067097311935,0.0,0
1191,0.9897260273972602,0.0,0.010273972602739725,0
1192,0.9006211180124224,0.09937888198757765,0.0,0
1193,0.8768115942028986,0.12318840579710146,0.0,0
1194,0.9369085173501578,0.06309148264984227,0.0,0
1195,0.9966555183946488,0.003344481605351171,0.0,0
1196,0.9966666666666667,0.0033333333333333335,0.0,0
1197,0.9966101694915255,0.0033898305084745766,0.0,0
1198,0.009615384615384616,0.10256410256410256,0.8878205128205128,2
1199,0.9340277777777778,0.06597222222222222,0.0,0
1200,1.0,0.0,0.0,0
1201,0.8542372881355932,0.14576271186440679,0.0,0
1202,1.0,0.0,0.0,0
1203,0.8327137546468402,0.055762081784386616,0.11152416356877323,0
1204,1.0,0.0,0.0,0
1205,1.0,0.0,0.0,0
1206,0.9900990099009901,0.0,0.009900990099009901,0
1207,1.0,0.0,0.0,0
1208,0.4198717948717948,0.5801282051282052,0.0,1
1209,1.0,0.0,0.0,0
1210,0.9933333333333333,0.006666666666666667,0.0,0
1211,1.0,0.0,0.0,0
1212,1.0,0.0,0.0,0
1213,0.9933774834437087,0.0,0.006622516556291392,0
1214,1.0,0.0,0.0,0
1215,1.0,0.0,0.0,0
1216,1.0,0.0,0.0,0
1217,0.9966666666666667,0.0033333333333333335,0.0,0
1218,0.9835526315789473,0.01644736842105263,0.0,0
1219,1.0,0.0,0.0,0
1220,0.9900990099009901,0.009900990099009901,0.0,0
1221,0.41481481481481486,0.5851851851851851,0.0,1
1222,1.0,0.0,0.0,0
1223,1.0,0.0,0.0,0
1224,1.0,0.0,0.0,0
1225,0.8647686832740213,0.13523131672597866,0.0,0
1226,0.990066225165563,0.009933774834437087,0.0,0
1227,0.9867549668874173,0.013245033112582783,0.0,0
1228,0.9966666666666667,0.0033333333333333335,0.0,0
1229,0.6789772727272727,0.0,0.32102272727272724,0
1230,1.0,0.0,0.0,0
1231,0.9966101694915255,0.0033898305084745766,0.0,0
1232,1.0,0.0,0.0,0
1233,1.0,0.0,0.0,0
1234,1.0,0.0,0.0,0
1235,0.8876889848812094,0.1123110151187905,0.0,0
1236,0.946031746031746,0.053968253968253964,0.0,0
1237,0.9966442953020135,0.0033557046979865775,0.0,0
1238,1.0,0.0,0.0,0
1239,0.9795918367346939,0.020408163265306124,0.0,0
1240,0.6666666666666667,0.33333333333333337,0.0,0
1241,0.07352941176470588,0.014705882352941178,0.911764705882353,2
1242,0.9933554817275747,0.006644518272425249,0.0,0
1243,1.0,0.0,0.0,0
1244,0.9933774834437087,0.006622516556291392,0.0,0
1245,0.9895833333333334,0.010416666666666668,0.0,0
1246,1.0,0.0,0.0,0
1247,1.0,0.0,0.0,0
1248,0.980263157894737,0.0,0.01973684210526316,0
1249,0.9900332225913622,0.003322259136212625,0.00664451827242525,0
1250,0.5012468827930174,0.0,0.4987531172069825,0
1251,0.0,0.2739273927392739,0.726072607260726,2
1252,0.9966555183946488,0.003344481605351171,0.0,0
1253,1.0,0.0,0.0,0
1254,1.0,0.0,0.0,0
1255,0.9933554817275747,0.006644518272425249,0.0,0
1256,0.9265734265734266,0.07342657342657342,0.0,0
1257,0.9966555183946488,0.003344481605351171,0.0,0
1258,0.983277591973244,0.016722408026755852,0.0,0
1259,0.9725085910652922,0.027491408934707907,0.0,0
1260,0.9966666666666667,0.0033333333333333335,0.0,0
1261,1.0,0.0,0.0,0
1262,1.0,0.0,0.0,0
1263,1.0,0.0,0.0,0
1264,1.0,0.0,0.0,0
1265,1.0,0.0,0.0,0
1266,0.9707792207792209,0.02922077922077922,0.0,0
1267,0.9522292993630573,0.009554140127388536,0.038216560509554146,0
1268,0.0,0.0,1.0,2
1269,1.0,0.0,0.0,0
1270,1.0,0.0,0.0,0
1271,0.3993174061433447,0.6006825938566552,0.0,1
1272,0.9468438538205981,0.053156146179402,0.0,0
1273,0.9577922077922078,0.04220779220779221,0.0,0
1274,1.0,0.0,0.0,0
1275,0.9803278688524591,0.019672131147540985,0.0,0
1276,0.99,0.0033333333333333335,0.006666666666666667,0
1277,1.0,0.0,0.0,0
1278,1.0,0.0,0.0,0
1279,0.9966777408637874,0.0033222591362126247,0.0,0
1280,0.970684039087948,0.01954397394136808,0.00977198697068404,0
1281,1.0,0.0,0.0,0
1282,0.847517730496454,0.15248226950354613,0.0,0
1283,1.0,0.0,0.0,0
1284,0.9966666666666667,0.0033333333333333335,0.0,0
1285,1.0,0.0,0.0,0
1286,0.023026315789473683,0.0,0.9769736842105262,2
1287,1.0,0.0,0.0,0
1288,0.8344155844155845,0.0,0.1655844155844156,0
1289,0.9966777408637874,0.0033222591362126247,0.0,0
1290,1.0,0.0,0.0,0
1291,1.0,0.0,0.0,0
1292,1.0,0.0,0.0,0
1293,0.9966777408637874,0.0033222591362126247,0.0,0
1294,1.0,0.0,0.0,0
1295,1.0,0.0,0.0,0
1296,1.0,0.0,0.0,0
1297,0.9734219269102989,0.026578073089700997,0.0,0
1298,1.0,0.0,0.0,0
1299,1.0,0.0,0.0,0
1300,0.005797101449275363,0.2318840579710145,0.7623188405797102,2
1301,1.0,0.0,0.0,0
1302,1.0,0.0,0.0,0
1303,0.9899328859060402,0.010067114093959733,0.0,0
1304,1.0,0.0,0.0,0
1305,1.0,0.0,0.0,0
1306,0.9867109634551496,0.003322259136212625,0.009966777408637875,0
1307,1.0,0.0,0.0,0
1308,0.9897959183673469,0.010204081632653062,0.0,0
1309,1.0,0.0,0.0,0
1310,1.0,0.0,0.0,0
1311,0.8608695652173913,0.1391304347826087,0.0,0
1312,1.0,0.0,0.0,0
1313,1.0,0.0,0.0,0
1314,0.9900990099009901,0.009900990099009901,0.0,0
1315,0.9646302250803859,0.03536977491961415,0.0,0
1316,0.036423841059602655,0.9635761589403974,0.0,1
1317,0.966996699669967,0.0,0.033003300330033,0
1318,1.0,0.0,0.0,0
1319,0.982876712328767,0.017123287671232876,0.0,0
1320,1.0,0.0,0.0,0
1321,1.0,0.0,0.0,0
1322,0.9834983498349834,0.013201320132013201,0.0033003300330033004,0
1323,0.9866666666666667,0.013333333333333334,0.0,0
1324,0.030201733587281843,0.9697982664127182,0.0,1
1325,1.0,0.0,0.0,0
1326,1.0,0.0,0.0,0
1327,0.5000068458452565,0.4999931541547435,0.0,0
1328,0.9864406779661017,0.0,0.013559322033898306,0
1329,1.0,0.0,0.0,0
1330,1.0,0.0,0.0,0
1331,1.0,0.0,0.0,0
1332,0.0,0.05448717948717948,0.9455128205128205,2
1333,0.9255663430420712,0.07443365695792879,0.0,0
1334,0.964516129032258,0.03548387096774193,0.0,0
1335,0.990066225165563,0.009933774834437087,0.0,0
1336,0.9738562091503268,0.013071895424836602,0.013071895424836602,0
1337,0.0033222591362126247,0.0,0.9966777408637874,2
1338,1.0,0.0,0.0,0
1339,1.0,0.0,0.0,0
1340,0.8247011952191234,0.1752988047808765,0.0,0
1341,0.9248366013071896,0.07516339869281045,0.0,0
1342,0.9932432432432433,0.003378378378378379,0.003378378378378379,0
1343,1.0,0.0,0.0,0
1344,0.9900332225913621,0.006644518272425249,0.0033222591362126247,0
1345,0.839541547277937,0.16045845272206305,0.0,0
1346,0.013289036544850499,0.9867109634551494,0.0,1
1347,1.0,0.0,0.0,0
1348,1.0,0.0,0.0,0
1349,1.0,0.0,0.0,0
1350,0.9727891156462585,0.02040816326530612,0.006802721088435374,0
1351,0.9966329966329966,0.0033670033670033673,0.0,0
1352,0.9932885906040269,0.0,0.006711409395973154,0
1353,0.024305555555555556,0.9756944444444444,0.0,1
1354,1.0,0.0,0.0,0
1355,1.0,0.0,0.0,0
1356,0.036303630363036306,0.9636963696369637,0.0,1
1357,1.0,0.0,0.0,0
1358,1.0,0.0,0.0,0
1359,0.9933554817275747,0.006644518272425249,0.0,0
1360,0.8695652173913043,0.13043478260869565,0.0,0
1361,0.9556313993174061,0.04436860068259386,0.0,0
1362,1.0,0.0,0.0,0
1363,0.9609120521172639,0.03908794788273616,0.0,0
1364,0.9735099337748345,0.026490066225165566,0.0,0
1365,0.9933554817275747,0.006644518272425249,0.0,0
1366,1.0,0.0,0.0,0
1367,0.980132450331126,0.019867549668874173,0.0,0
1368,1.0,0.0,0.0,0
1369,0.9801980198019802,0.019801980198019802,0.0,0
1370,0.9966666666666667,0.0033333333333333335,0.0,0
1371,0.9933554817275747,0.006644518272425249,0.0,0
1372,1.0,0.0,0.0,0
1373,0.9868421052631579,0.013157894736842105,0.0,0
1374,1.0,0.0,0.0,0
1375,0.9900332225913622,0.009966777408637875,0.0,0
1376,1.0,0.0,0.0,0
1377,1.0,0.0,0.0,0
1378,0.8959276018099548,0.08144796380090497,0.02262443438914027,0
1379,0.9933333333333333,0.006666666666666667,0.0,0
1380,0.990066225165563,0.009933774834437087,0.0,0
1381,0.9900332225913622,0.009966777408637875,0.0,0
1382,1.0,0.0,0.0,0
1383,1.0,0.0,0.0,0
1384,0.9900990099009901,0.009900990099009901,0.0,0
1385,0.19571865443425077,0.8042813455657493,0.0,1
1386,1.0,0.0,0.0,0
1387,1.0,0.0,0.0,0
1388,0.5947521865889214,0.40524781341107874,0.0,0
1389,1.0,0.0,0.0,0
1390,1.0,0.0,0.0,0
1391,0.9867109634551496,0.003322259136212625,0.009966777408637875,0
1392,1.0,0.0,0.0,0
1393,0.4950882345494595,0.5049117654505406,0.0,1
1394,0.03548431291957802,0.9645156870804219,0.0,1
1395,0.9900990099009901,0.009900990099009901,0.0,0
1396,1.0,0.0,0.0,0
1397,1.0,0.0,0.0,0
1398,1.0,0.0,0.0,0
1399,1.0,0.0,0.0,0
1400,1.0,0.0,0.0,0
1401,1.0,0.0,0.0,0
1402,0.9143730886850152,0.030581039755351678,0.055045871559633024,0
1403,0.980132450331126,0.019867549668874173,0.0,0
1404,0.9966329966329966,0.0033670033670033673,0.0,0
1405,1.0,0.0,0.0,0
1406,0.12337662337662339,0.25974025974025977,0.6168831168831169,2
1407,1.0,0.0,0.0,0
1408,0.010135135135135136,0.016891891891891893,0.972972972972973,2
1409,0.572538860103627,0.42746113989637313,0.0,0
1410,1.0,0.0,0.0,0
1411,0.9803921568627451,0.0196078431372549,0.0,0
1412,1.0,0.0,0.0,0
1413,0.9966666666666667,0.0033333333333333335,0.0,0
1414,1.0,0.0,0.0,0
1415,0.9931972789115647,0.0034013605442176874,0.0034013605442176874,0
1416,1.0,0.0,0.0,0
1417,1.0,0.0,0.0,0
1418,0.9933110367892977,0.006688963210702341,0.0,0
1419,1.0,0.0,0.0,0
1420,1.0,0.0,0.0,0
1421,0.9966666666666667,0.0033333333333333335,0.0,0
1422,0.9933774834437087,0.006622516556291392,0.0,0
1423,0.20710059171597636,0.31952662721893493,0.47337278106508884,2
1424,0.7874015748031497,0.1850393700787402,0.02755905511811024,0
1425,1.0,0.0,0.0,0
1426,0.9867986798679869,0.013201320132013201,0.0,0
1427,0.9966329966329966,0.0033670033670033673,0.0,0
1428,1.0,0.0,0.0,0
1429,0.10204081632653061,0.8163265306122449,0.0816326530612245,1
1430,0.8823529411764707,0.11764705882352941,0.0,0
1431,0.951219512195122,0.04878048780487805,0.0,0
1432,0.9898648648648648,0.010135135135135136,0.0,0
1433,1.0,0.0,0.0,0
1434,0.9932659932659932,0.006734006734006735,0.0,0
1435,0.9803921568627451,0.0196078431372549,0.0,0
1436,0.8921568627450981,0.006535947712418301,0.10130718954248366,0
1437,0.9581993569131833,0.0,0.041800643086816726,0
1438,1.0,0.0,0.0,0
1439,1.0,0.0,0.0,0
1440,1.0,0.0,0.0,0
1441,1.0,0.0,0.0,0
1442,1.0,0.0,0.0,0
1443,0.9933774834437087,0.006622516556291392,0.0,0
1444,0.9966777408637874,0.0033222591362126247,0.0,0
1445,0.7843137254901961,0.21568627450980393,0.0,0
1446,1.0,0.0,0.0,0
1447,0.9200863930885529,0.07991360691144708,0.0,0
1448,1.0,0.0,0.0,0
1449,0.9966666666666667,0.0033333333333333335,0.0,0
1450,1.0,0.0,0.0,0
1451,0.9966777408637874,0.0033222591362126247,0.0,0
1452,0.8885350318471338,0.009554140127388536,0.10191082802547771,0
1453,0.4623655913978495,0.5376344086021506,0.0,1
1454,0.9966666666666667,0.0,0.0033333333333333335,0
1455,1.0,0.0,0.0,0
1456,0.0,0.01,0.99,2
1457,0.3826414063663902,0.6173585936336098,0.0,1
1458,0.006622516556291392,0.013245033112582783,0.980132450331126,2
1459,0.9933774834437087,0.006622516556291392,0.0,0
1460,0.9642857142857143,0.03571428571428572,0.0,0
1461,1.0,0.0,0.0,0
1462,0.9966442953020135,0.0033557046979865775,0.0,0
1463,1.0,0.0,0.0,0
1464,0.9933554817275747,0.006644518272425249,0.0,0
1465,1.0,0.0,0.0,0
1466,1.0,0.0,0.0,0
1467,1.0,0.0,0.0,0
1468,0.9834437086092715,0.016556291390728478,0.0,0
1469,1.0,0.0,0.0,0
1470,1.0,0.0,0.0,0
1471,1.0,0.0,0.0,0
1472,0.09967845659163987,0.9003215434083601,0.0,1
1473,1.0,0.0,0.0,0
1474,0.9770491803278689,0.0032786885245901644,0.019672131147540985,0
1475,0.9966666666666667,0.0033333333333333335,0.0,0
1476,0.45675675675675675,0.0,0.5432432432432432,2
1477,1.0,0.0,0.0,0
1478,1.0,0.0,0.0,0
1479,0.9896551724137931,0.0,0.010344827586206896,0
1480,1.0,0.0,0.0,0
1481,0.9932203389830508,0.0,0.006779661016949152,0
1482,1.0,0.0,0.0,0
1483,0.9966777408637874,0.0033222591362126247,0.0,0
1484,0.9933333333333333,0.006666666666666667,0.0,0
1485,1.0,0.0,0.0,0
1486,0.970873786407767,0.029126213592233007,0.0,0
1487,1.0,0.0,0.0,0
1488,0.5840232714253748,0.41597672857462525,0.0,0
1489,0.9900990099009901,0.009900990099009901,0.0,0
1490,0.06825938566552901,0.931740614334471,0.0,1
1491,0.9966777408637874,0.0033222591362126247,0.0,0
1492,1.0,0.0,0.0,0
1493,0.9765100671140939,0.02348993288590604,0.0,0
1494,0.9966777408637874,0.0033222591362126247,0.0,0
1495,0.9523809523809523,0.044444444444444446,0.0031746031746031746,0
1496,1.0,0.0,0.0,0
1497,1.0,0.0,0.0,0
1498,1.0,0.0,0.0,0
1499,0.11486486486486487,0.8851351351351352,0.0,1
1500,1.0,0.0,0.0,0
1501,0.0926529001060864,0.9073470998939136,0.0,1
1502,1.0,0.0,0.0,0
1503,0.9522292993630573,0.04777070063694268,0.0,0
1504,0.9933333333333334,0.003333333333333334,0.003333333333333334,0
1505,0.780281690140845,0.0,0.21971830985915494,0
1506,0.04590222042180419,0.9540977795781957,0.0,1
1507,0.990066225165563,0.009933774834437087,0.0,0
1508,0.9966216216216216,0.003378378378378379,0.0,0
1509,1.0,0.0,0.0,0
1510,0.9900990099009901,0.009900990099009901,0.0,0
1511,1.0,0.0,0.0,0
1512,0.9933774834437087,0.0,0.006622516556291392,0
1513,0.01,0.99,0.0,1
1514,0.006309148264984228,0.06624605678233439,0.9274447949526814,2
1515,0.9966777408637874,0.0033222591362126247,0.0,0
1516,0.9966777408637874,0.0033222591362126247,0.0,0
1517,1.0,0.0,0.0,0
1518,0.9933110367892977,0.006688963210702341,0.0,0
1519,0.9966777408637874,0.0033222591362126247,0.0,0
1520,1.0,0.0,0.0,0
1521,1.0,0.0,0.0,0
1522,1.0,0.0,0.0,0
1523,0.9079365079365079,0.02857142857142857,0.06349206349206349,0
1524,1.0,0.0,0.0,0
1525,1.0,0.0,0.0,0
1526,0.9514563106796116,0.0,0.04854368932038835,0
1527,0.97,0.03,0.0,0
1528,1.0,0.0,0.0,0
1529,1.0,0.0,0.0,0
1530,0.33488372093023255,0.40930232558139534,0.25581395348837205,1
1531,0.9966777408637874,0.0033222591362126247,0.0,0
1532,1.0,0.0,0.0,0
1533,1.0,0.0,0.0,0
1534,1.0,0.0,0.0,0
1535,1.0,0.0,0.0,0
1536,0.9867109634551494,0.013289036544850499,0.0,0
1537,1.0,0.0,0.0,0
1538,1.0,0.0,0.0,0
1539,1.0,0.0,0.0,0
1540,0.9966777408637874,0.0033222591362126247,0.0,0
1541,0.9428571428571428,0.05714285714285715,0.0,0
1542,1.0,0.0,0.0,0
1543,1.0,0.0,0.0,0
1544,1.0,0.0,0.0,0
1545,1.0,0.0,0.0,0
1546,1.0,0.0,0.0,0
1547,0.9933110367892977,0.006688963210702341,0.0,0
1548,1.0,0.0,0.0,0
1549,0.9563758389261745,0.0,0.04362416107382551,0
1550,1.0,0.0,0.0,0
1551,1.0,0.0,0.0,0
1552,0.0033445247933884302,0.9966554752066116,0.0,1
1553,0.9900332225913622,0.009966777408637875,0.0,0
1554,0.9860627177700348,0.013937282229965159,0.0,0
1555,0.9898648648648648,0.0033783783783783786,0.006756756756756757,0
1556,1.0,0.0,0.0,0
1557,0.45953002610966054,0.013054830287206264,0.5274151436031331,2
1558,1.0,0.0,0.0,0
1559,0.9676375404530745,0.032362459546925564,0.0,0
1560,0.9453376205787781,0.051446945337620585,0.0032154340836012866,0
1561,0.9857651245551602,0.0,0.014234875444839859,0
1562,1.0,0.0,0.0,0
1563,0.9933554817275747,0.0,0.006644518272425249,0
1564,0.7668711656441718,0.23312883435582823,0.0,0
1565,0.9865771812080537,0.01342281879194631,0.0,0
1566,0.9677419354838709,0.03225806451612903,0.0,0
1567,0.9966666666666667,0.0033333333333333335,0.0,0
1568,0.9900332225913622,0.009966777408637875,0.0,0
1569,1.0,0.0,0.0,0
1570,0.9404388714733544,0.05956112852664578,0.0,0
1571,0.9803278688524591,0.0032786885245901644,0.01639344262295082,0
1572,0.9966777408637874,0.0033222591362126247,0.0,0
1573,1.0,0.0,0.0,0
1574,0.990066225165563,0.009933774834437087,0.0,0
1575,0.9662162162162162,0.033783783783783786,0.0,0
1576,1.0,0.0,0.0,0
1577,0.006309148264984228,0.08201892744479496,0.9116719242902209,2
1578,1.0,0.0,0.0,0
1579,0.9897959183673469,0.010204081632653062,0.0,0
1580,0.9933333333333333,0.006666666666666667,0.0,0
1581,1.0,0.0,0.0,0
1582,1.0,0.0,0.0,0
1583,0.9966101694915255,0.0,0.0033898305084745766,0
1584,0.9933774834437087,0.006622516556291392,0.0,0
1585,1.0,0.0,0.0,0
1586,0.7836257309941521,0.0,0.21637426900584797,0
1587,0.0,1.0,0.0,1
1588,0.5953307392996109,0.3229571984435798,0.08171206225680934,0
1589,0.3464285714285714,0.6535714285714286,0.0,1
1590,0.02364864864864865,0.010135135135135136,0.9662162162162162,2
1591,1.0,0.0,0.0,0
1592,1.0,0.0,0.0,0
1593,1.0,0.0,0.0,0
1594,1.0,0.0,0.0,0
1595,1.0,0.0,0.0,0
1596,1.0,0.0,0.0,0
1597,1.0,0.0,0.0,0
1598,0.9932885906040269,0.006711409395973154,0.0,0
1599,1.0,0.0,0.0,0
1600,0.1704035874439462,0.004484304932735427,0.8251121076233183,2
1601,1.0,0.0,0.0,0
1602,0.9966777408637874,0.0033222591362126247,0.0,0
1603,0.0912863070539419,0.9087136929460581,0.0,1
1604,1.0,0.0,0.0,0
1605,0.04382022471910113,0.9561797752808989,0.0,1
1606,1.0,0.0,0.0,0
1607,0.9966777408637874,0.0033222591362126247,0.0,0
1608,0.9677419354838709,0.03225806451612903,0.0,0
1609,1.0,0.0,0.0,0
1610,0.990066225165563,0.009933774834437087,0.0,0
1611,0.9900990099009901,0.009900990099009901,0.0,0
1612,1.0,0.0,0.0,0
1613,0.8581081081081081,0.1418918918918919,0.0,0
1614,1.0,0.0,0.0,0
1615,1.0,0.0,0.0,0
1616,1.0,0.0,0.0,0
1617,0.990066225165563,0.009933774834437087,0.0,0
1618,0.9965753424657534,0.0034246575342465756,0.0,0
1619,0.9966666666666667,0.0033333333333333335,0.0,0
1620,0.9900332225913622,0.003322259136212625,0.00664451827242525,0
1621,1.0,0.0,0.0,0
1622,1.0,0.0,0.0,0
1623,0.99,0.0,0.01,0
1624,1.0,0.0,0.0,0
1625,1.0,0.0,0.0,0
1626,0.8705882352941177,0.008823529411764706,0.12058823529411765,0
1627,1.0,0.0,0.0,0
1628,0.9603960396039604,0.039603960396039604,0.0,0
1629,0.9288389513108614,0.07116104868913858,0.0,0
1630,1.0,0.0,0.0,0
1631,1.0,0.0,0.0,0
1632,0.9554140127388535,0.038216560509554146,0.006369426751592357,0
1633,0.9966442953020135,0.0033557046979865775,0.0,0
1634,0.5710144927536231,0.42898550724637685,0.0,0
1635,0.026402640264026403,0.0,0.9735973597359735,2
1636,0.9897610921501706,0.010238907849829351,0.0,0
1637,0.8247422680412371,0.17525773195876287,0.0,0
1638,1.0,0.0,0.0,0
1639,0.3970588235294118,0.6029411764705883,0.0,1
1640,0.9966777408637874,0.0033222591362126247,0.0,0
1641,0.8924050632911392,0.0,0.10759493670886076,0
1642,0.9932885906040269,0.0,0.006711409395973154,0
1643,0.9428571428571428,0.05714285714285714,0.0,0
1644,1.0,0.0,0.0,0
1645,0.9166666666666667,0.08333333333333334,0.0,0
1646,1.0,0.0,0.0,0
1647,1.0,0.0,0.0,0
1648,0.9933333333333333,0.006666666666666667,0.0,0
1649,1.0,0.0,0.0,0
1650,0.914179104477612,0.01492537313432836,0.07089552238805971,0
1651,1.0,0.0,0.0,0
1652,1.0,0.0,0.0,0
1653,0.9933333333333333,0.006666666666666667,0.0,0
1654,0.979933110367893,0.020066889632107024,0.0,0
1655,1.0,0.0,0.0,0
1656,1.0,0.0,0.0,0
1657,0.9966442953020135,0.0,0.0033557046979865775,0
1658,1.0,0.0,0.0,0
1659,0.3029411764705882,0.6970588235294118,0.0,1
1660,0.0033333333333333335,0.01,0.9866666666666667,2
1661,0.0,0.006622516556291392,0.9933774834437087,2
1662,0.990066225165563,0.009933774834437087,0.0,0
1663,0.9932885906040269,0.006711409395973154,0.0,0
1664,0.7925170068027211,0.0,0.20748299319727892,0
1665,0.9932659932659932,0.0,0.006734006734006735,0
1666,0.9688581314878892,0.031141868512110725,0.0,0
1667,0.9966777408637874,0.0033222591362126247,0.0,0
1668,1.0,0.0,0.0,0
1669,0.9677419354838709,0.03225806451612903,0.0,0
1670,0.9966777408637874,0.0033222591362126247,0.0,0
1671,1.0,0.0,0.0,0
1672,0.11564625850340135,0.3945578231292517,0.4897959183673469,2
1673,0.9966216216216216,0.0,0.003378378378378379,0
1674,1.0,0.0,0.0,0
1675,1.0,0.0,0.0,0
1676,0.9867986798679869,0.013201320132013201,0.0,0
1677,1.0,0.0,0.0,0
1678,0.9836065573770493,0.01639344262295082,0.0,0
1679,0.9369085173501578,0.06309148264984227,0.0,0
1680,0.9932885906040269,0.006711409395973154,0.0,0
1681,0.005970149253731343,0.09850746268656717,0.8955223880597015,2
1682,0.9933774834437085,0.003311258278145695,0.003311258278145695,0
1683,0.9866666666666667,0.013333333333333334,0.0,0
1684,0.8095238095238096,0.0,0.19047619047619047,0
1685,1.0,0.0,0.0,0
1686,1.0,0.0,0.0,0
1687,1.0,0.0,0.0,0
1688,1.0,0.0,0.0,0
1689,0.9966555183946488,0.003344481605351171,0.0,0
1690,0.990066225165563,0.0,0.009933774834437087,0
1691,1.0,0.0,0.0,0
1692,1.0,0.0,0.0,0
1693,1.0,0.0,0.0,0
1694,0.9735973597359735,0.026402640264026403,0.0,0
1695,0.9581993569131833,0.041800643086816726,0.0,0
1696,0.7830508474576271,0.21694915254237288,0.0,0
1697,0.9579288025889967,0.042071197411003236,0.0,0
1698,0.960573476702509,0.039426523297491044,0.0,0
1699,1.0,0.0,0.0,0
1700,0.940251572327044,0.056603773584905655,0.0031446540880503146,0
1701,1.0,0.0,0.0,0
1702,0.9900990099009901,0.009900990099009901,0.0,0
1703,0.9635761589403974,0.036423841059602655,0.0,0
1704,0.00949367088607595,0.05063291139240507,0.9398734177215191,2
1705,0.04501663604310473,0.9549833639568952,0.0,1
1706,0.9966777408637874,0.0,0.0033222591362126247,0
1707,0.917910447761194,0.08208955223880597,0.0,0
1708,0.9966777408637874,0.0033222591362126247,0.0,0
1709,1.0,0.0,0.0,0
1710,1.0,0.0,0.0,0
1711,1.0,0.0,0.0,0
1712,1.0,0.0,0.0,0
1713,0.7339743589743589,0.266025641025641,0.0,0
1714,0.9932885906040269,0.006711409395973154,0.0,0
1715,0.5413533834586466,0.45864661654135336,0.0,0
1716,0.3578680203045685,0.0,0.6421319796954315,2
1717,0.9828178694158075,0.017182130584192438,0.0,0
1718,0.9966555183946488,0.0,0.003344481605351171,0
1719,1.0,0.0,0.0,0
1720,0.9432176656151419,0.044164037854889586,0.012618296529968452,0
1721,0.0,0.006622516556291392,0.9933774834437087,2
1722,0.9305555555555556,0.0,0.06944444444444445,0
1723,0.9966666666666667,0.0033333333333333335,0.0,0
1724,1.0,0.0,0.0,0
1725,1.0,0.0,0.0,0
1726,1.0,0.0,0.0,0
1727,0.9966666666666667,0.0033333333333333335,0.0,0
1728,1.0,0.0,0.0,0
1729,1.0,0.0,0.0,0
1730,0.9771986970684038,0.02280130293159609,0.0,0
1731,0.4257907542579075,0.0024330900243309003,0.5717761557177615,2
1732,0.07911489070537492,0.9208851092946251,0.0,1
1733,0.046511627906976744,0.9534883720930232,0.0,1
1734,0.9900332225913622,0.009966777408637875,0.0,0
1735,0.38205980066445183,0.20930232558139533,0.4086378737541528,2
1736,1.0,0.0,0.0,0
1737,0.99,0.0,0.01,0
1738,0.9768211920529801,0.02317880794701987,0.0,0
1739,1.0,0.0,0.0,0
1740,1.0,0.0,0.0,0
1741,0.9966777408637874,0.0033222591362126247,0.0,0
1742,1.0,0.0,0.0,0
1743,0.9933554817275747,0.006644518272425249,0.0,0
1744,0.9864864864864865,0.0,0.013513513513513514,0
1745,1.0,0.0,0.0,0
1746,0.9966777408637874,0.0033222591362126247,0.0,0
1747,0.5993485342019544,0.4006514657980456,0.0,0
1748,0.9771241830065359,0.022875816993464054,0.0,0
1749,0.977859778597786,0.0,0.022140221402214024,0
1750,0.009933774834437087,0.990066225165563,0.0,1
1751,0.026229508196721315,0.036065573770491806,0.937704918032787,2
1752,1.0,0.0,0.0,0
1753,1.0,0.0,0.0,0
1754,0.970873786407767,0.029126213592233007,0.0,0
1755,0.993103448275862,0.0,0.006896551724137932,0
1756,0.9966777408637874,0.0033222591362126247,0.0,0
1757,0.09885931558935361,0.9011406844106464,0.0,1
1758,0.9966442953020135,0.0033557046979865775,0.0,0
1759,1.0,0.0,0.0,0
1760,1.0,0.0,0.0,0
1761,0.9966329966329966,0.0033670033670033673,0.0,0
1762,1.0,0.0,0.0,0
1763,1.0,0.0,0.0,0
1764,0.9966777408637874,0.0,0.0033222591362126247,0
1765,0.03754266211604096,0.962457337883959,0.0,1
1766,1.0,0.0,0.0,0
1767,0.9868421052631579,0.013157894736842105,0.0,0
1768,0.5156249999999999,0.4812499999999999,0.0031249999999999997,0
1769,1.0,0.0,0.0,0
1770,1.0,0.0,0.0,0
1771,0.07807807807807807,0.051051051051051045,0.8708708708708708,2
1772,1.0,0.0,0.0,0
1773,0.9966777408637874,0.0033222591362126247,0.0,0
1774,0.9966777408637874,0.0033222591362126247,0.0,0
1775,1.0,0.0,0.0,0
1776,0.9480968858131488,0.05190311418685121,0.0,0
1777,1.0,0.0,0.0,0
1778,1.0,0.0,0.0,0
1779,1.0,0.0,0.0,0
1780,0.5019762845849803,0.4980237154150198,0.0,0
1781,1.0,0.0,0.0,0
1782,0.98,0.02,0.0,0
1783,1.0,0.0,0.0,0
1784,1.0,0.0,0.0,0
1785,0.0,0.0,1.0,2
1786,0.78839590443686,0.21160409556313992,0.0,0
1787,0.0,0.009933774834437087,0.990066225165563,2
1788,1.0,0.0,0.0,0
1789,1.0,0.0,0.0,0
1790,0.9900332225913622,0.009966777408637875,0.0,0
1791,0.9933554817275747,0.006644518272425249,0.0,0
1792,0.9803278688524591,0.019672131147540985,0.0,0
1793,0.6636549111046343,0.3363450888953658,0.0,0
1794,1.0,0.0,0.0,0
1795,0.9834983498349834,0.0165016501650165,0.0,0
1796,0.05,0.95,0.0,1
1797,0.9138461538461539,0.015384615384615385,0.07076923076923076,0
1798,1.0,0.0,0.0,0
1799,1.0,0.0,0.0,0
1800,1.0,0.0,0.0,0
1801,0.9771986970684038,0.02280130293159609,0.0,0
1802,1.0,0.0,0.0,0
1803,1.0,0.0,0.0,0
1804,0.9933774834437087,0.006622516556291392,0.0,0
1805,0.9966329966329966,0.0,0.0033670033670033673,0
1806,0.9820788530465949,0.017921146953405017,0.0,0
1807,1.0,0.0,0.0,0
1808,0.9965753424657534,0.0,0.0034246575342465756,0
1809,0.66,0.0,0.33999999999999997,0
1810,1.0,0.0,0.0,0
1811,0.9933774834437087,0.006622516556291392,0.0,0
1812,0.9966777408637874,0.0033222591362126247,0.0,0
1813,1.0,0.0,0.0,0
1814,1.0,0.0,0.0,0
1815,1.0,0.0,0.0,0
1816,0.9932659932659933,0.0033670033670033677,0.0033670033670033677,0
1817,1.0,0.0,0.0,0
1818,0.9933774834437087,0.006622516556291392,0.0,0
1819,1.0,0.0,0.0,0
1820,0.9663299663299664,0.03367003367003367,0.0,0
1821,1.0,0.0,0.0,0
1822,1.0,0.0,0.0,0
1823,1.0,0.0,0.0,0
1824,1.0,0.0,0.0,0
1825,1.0,0.0,0.0,0
1826,0.9867109634551494,0.013289036544850499,0.0,0
1827,0.9966777408637874,0.0033222591362126247,0.0,0
1828,0.952076677316294,0.047923322683706075,0.0,0
1829,1.0,0.0,0.0,0
1830,1.0,0.0,0.0,0
1831,0.990066225165563,0.009933774834437087,0.0,0
1832,0.9149659863945577,0.08503401360544217,0.0,0
1833,1.0,0.0,0.0,0
1834,1.0,0.0,0.0,0
1835,1.0,0.0,0.0,0
1836,0.7521567217828901,0.24784327821711,0.0,0
1837,1.0,0.0,0.0,0
1838,0.9768211920529801,0.02317880794701987,0.0,0
1839,0.9501661129568106,0.046511627906976744,0.0033222591362126247,0
1840,0.9933333333333333,0.006666666666666667,0.0,0
1841,0.9966777408637874,0.0033222591362126247,0.0,0
1842,0.9738562091503268,0.0,0.026143790849673203,0
1843,0.9933774834437085,0.003311258278145695,0.003311258278145695,0
1844,1.0,0.0,0.0,0
1845,0.9966777408637874,0.0,0.0033222591362126247,0
1846,0.9523809523809523,0.04081632653061224,0.006802721088435374,0
1847,0.28076051740517893,0.7192394825948211,0.0,1
1848,0.9867986798679869,0.0033003300330033004,0.009900990099009901,0
1849,1.0,0.0,0.0,0
1850,0.9228070175438596,0.07719298245614034,0.0,0
1851,1.0,0.0,0.0,0
1852,0.0,0.0,1.0,2
1853,0.9933333333333333,0.006666666666666667,0.0,0
1854,1.0,0.0,0.0,0
1855,0.9966777408637874,0.0033222591362126247,0.0,0
1856,1.0,0.0,0.0,0
1857,1.0,0.0,0.0,0
1858,0.9932203389830508,0.006779661016949152,0.0,0
1859,1.0,0.0,0.0,0
1860,0.9933774834437087,0.006622516556291392,0.0,0
1861,1.0,0.0,0.0,0
1862,1.0,0.0,0.0,0
1863,0.9693486590038315,0.0,0.030651340996168584,0
1864,1.0,0.0,0.0,0
1865,0.9933774834437087,0.006622516556291392,0.0,0
1866,0.9966666666666667,0.0033333333333333335,0.0,0
1867,0.943217665615142,0.04731861198738171,0.00946372239747634,0
1868,0.9900332225913622,0.009966777408637875,0.0,0
1869,1.0,0.0,0.0,0
1870,0.9933554817275747,0.006644518272425249,0.0,0
1871,1.0,0.0,0.0,0
1872,0.1644295302013423,0.8355704697986577,0.0,1
1873,0.9966777408637874,0.0033222591362126247,0.0,0
1874,0.9966777408637874,0.0033222591362126247,0.0,0
1875,0.8293515358361775,0.1706484641638225,0.0,0
1876,0.8411214953271028,0.0,0.1588785046728972,0
1877,1.0,0.0,0.0,0
1878,0.0030959752321981426,0.1238390092879257,0.8730650154798761,2
1879,1.0,0.0,0.0,0
1880,1.0,0.0,0.0,0
1881,0.9966777408637874,0.0033222591362126247,0.0,0
1882,0.0033222591362126247,0.0,0.9966777408637874,2
1883,1.0,0.0,0.0,0
1884,1.0,0.0,0.0,0
1885,0.1942675159235669,0.8057324840764332,0.0,1
1886,0.8730158730158729,0.0,0.12698412698412698,0
1887,0.0334452479338843,0.9665547520661157,0.0,1
1888,0.13553113553113555,0.8644688644688645,0.0,1
1889,0.9932885906040269,0.0,0.006711409395973154,0
1890,1.0,0.0,0.0,0
1891,0.970684039087948,0.0,0.02931596091205212,0
1892,0.9833333333333333,0.01,0.006666666666666667,0
1893,1.0,0.0,0.0,0
1894,0.9966777408637874,0.0,0.0033222591362126247,0
1895,0.9966777408637874,0.0033222591362126247,0.0,0
1896,0.9552715654952076,0.025559105431309903,0.019169329073482427,0
1897,0.33715596330275227,0.6628440366972477,0.0,1
1898,1.0,0.0,0.0,0
1899,0.9900332225913622,0.0,0.009966777408637875,0
1900,1.0,0.0,0.0,0
1901,1.0,0.0,0.0,0
1902,0.9740259740259741,0.016233766233766236,0.009740259740259742,0
1903,0.8488372093023255,0.0,0.1511627906976744,0
1904,0.5895061728395061,0.4104938271604938,0.0,0
1905,0.9966666666666667,0.0,0.0033333333333333335,0
1906,1.0,0.0,0.0,0
1907,0.9834983498349834,0.0165016501650165,0.0,0
1908,1.0,0.0,0.0,0
1909,0.7516339869281046,0.24836601307189543,0.0,0
1910,1.0,0.0,0.0,0
1911,1.0,0.0,0.0,0
1912,0.9966216216216216,0.0,0.003378378378378379,0
1913,0.9433962264150942,0.056603773584905655,0.0,0
1914,0.9966555183946488,0.003344481605351171,0.0,0
1915,0.9933774834437087,0.0,0.006622516556291392,0
1916,0.009740259740259742,0.02922077922077922,0.9610389610389611,2
1917,0.14285714285714285,0.8571428571428572,0.0,1
1918,1.0,0.0,0.0,0
1919,1.0,0.0,0.0,0
1920,1.0,0.0,0.0,0
1921,0.9738562091503268,0.026143790849673203,0.0,0
1922,1.0,0.0,0.0,0
1923,0.9735099337748345,0.026490066225165566,0.0,0
1924,0.9740259740259741,0.025974025974025976,0.0,0
1925,1.0,0.0,0.0,0
1926,1.0,0.0,0.0,0
1927,0.8547854785478547,0.14521452145214522,0.0,0
1928,1.0,0.0,0.0,0
1929,0.9867109634551494,0.013289036544850499,0.0,0
1930,1.0,0.0,0.0,0
1931,0.9676375404530745,0.032362459546925564,0.0,0
1932,0.9900990099009901,0.0,0.009900990099009901,0
1933,0.576219512195122,0.42378048780487804,0.0,0
1934,0.9802631578947367,0.006578947368421052,0.013157894736842105,0
1935,0.9966777408637874,0.0033222591362126247,0.0,0
1936,0.983108108108108,0.0,0.016891891891891893,0
1937,1.0,0.0,0.0,0
1938,0.9770491803278689,0.0,0.02295081967213115,0
1939,0.9966666666666667,0.0033333333333333335,0.0,0
1940,0.9933774834437087,0.006622516556291392,0.0,0
1941,1.0,0.0,0.0,0
1942,0.8163841807909604,0.0,0.18361581920903952,0
1943,1.0,0.0,0.0,0
1944,0.9966777408637874,0.0,0.0033222591362126247,0
1945,0.5643896976483762,0.43561030235162373,0.0,0
1946,0.07407407407407407,0.14506172839506173,0.7808641975308642,2
1947,1.0,0.0,0.0,0
1948,0.9832214765100671,0.016778523489932886,0.0,0
1949,0.9701986754966888,0.0,0.029801324503311258,0
1950,0.0,0.025974025974025976,0.9740259740259741,2
1951,0.5476190476190476,0.0,0.45238095238095244,0
1952,1.0,0.0,0.0,0
1953,1.0,0.0,0.0,0
1954,0.9932659932659932,0.006734006734006735,0.0,0
1955,1.0,0.0,0.0,0
1956,0.9900990099009901,0.009900990099009901,0.0,0
1957,0.9933554817275747,0.006644518272425249,0.0,0
1958,1.0,0.0,0.0,0
1959,1.0,0.0,0.0,0
1960,1.0,0.0,0.0,0
1961,0.9966555183946488,0.003344481605351171,0.0,0
1962,0.970684039087948,0.00977198697068404,0.01954397394136808,0
1963,0.9966777408637874,0.0,0.0033222591362126247,0
1964,0.6713377343971488,0.3286622656028513,0.0,0
1965,0.9767441860465116,0.023255813953488372,0.0,0
1966,0.9966442953020135,0.0033557046979865775,0.0,0
1967,0.5084241179376512,0.4915758820623489,0.0,0
1968,0.9897959183673469,0.010204081632653062,0.0,0
1969,0.9933333333333333,0.0,0.006666666666666667,0
1970,1.0,0.0,0.0,0
1971,1.0,0.0,0.0,0
1972,0.9966555183946488,0.003344481605351171,0.0,0
1973,0.9966777408637874,0.0,0.0033222591362126247,0
1974,1.0,0.0,0.0,0
1975,0.9287925696594426,0.040247678018575844,0.030959752321981417,0
1976,0.9298892988929889,0.07011070110701108,0.0,0
1977,1.0,0.0,0.0,0
1978,1.0,0.0,0.0,0
1979,0.08303249097472923,0.9169675090252708,0.0,1
1980,1.0,0.0,0.0,0
1981,0.676923076923077,0.26153846153846155,0.06153846153846154,0
1982,1.0,0.0,0.0,0
1983,0.9933774834437087,0.006622516556291392,0.0,0
1984,0.9503311258278146,0.049668874172185434,0.0,0
1985,0.0,0.0033222591362126247,0.9966777408637874,2
1986,0.9966555183946488,0.0,0.003344481605351171,0
1987,0.7857142857142857,0.21428571428571427,0.0,0
1988,0.8425196850393701,0.0,0.15748031496062992,0
1989,0.9966777408637874,0.0033222591362126247,0.0,0
1990,0.9966442953020135,0.0033557046979865775,0.0,0
1991,1.0,0.0,0.0,0
1992,0.9834983498349834,0.0165016501650165,0.0,0
1993,1.0,0.0,0.0,0
1994,0.923809523809524,0.0031746031746031755,0.07301587301587302,0
1995,0.9933774834437087,0.006622516556291392,0.0,0
1996,1.0,0.0,0.0,0
1997,1.0,0.0,0.0,0
1998,0.9966442953020135,0.0033557046979865775,0.0,0
1999,1.0,0.0,0.0,0
2000,0.8794117647058824,0.11470588235294119,0.005882352941176471,0
2001,0.9966555183946488,0.003344481605351171,0.0,0
2002,0.019672380180773226,0.9803276198192269,0.0,1
2003,0.9833333333333334,0.003333333333333334,0.013333333333333336,0
2004,0.9900332225913621,0.006644518272425249,0.0033222591362126247,0
2005,1.0,0.0,0.0,0
2006,0.16666666666666666,0.01984126984126984,0.8134920634920634,2
2007,0.8742331288343558,0.12576687116564417,0.0,0
2008,1.0,0.0,0.0,0
2009,0.9548387096774192,0.0,0.04516129032258064,0
2010,1.0,0.0,0.0,0
2011,0.9171779141104295,0.08282208588957055,0.0,0
2012,1.0,0.0,0.0,0
2013,1.0,0.0,0.0,0
2014,0.016181229773462782,0.06148867313915858,0.9223300970873786,2
2015,1.0,0.0,0.0,0
2016,1.0,0.0,0.0,0
2017,1.0,0.0,0.0,0
2018,0.013245202449595357,0.9867547975504045,0.0,1
2019,1.0,0.0,0.0,0
2020,0.02295081967213115,0.03934426229508197,0.937704918032787,2
2021,1.0,0.0,0.0,0
2022,1.0,0.0,0.0,0
2023,1.0,0.0,0.0,0
2024,0.9933554817275747,0.006644518272425249,0.0,0
2025,0.9900332225913622,0.009966777408637875,0.0,0
2026,0.9966216216216216,0.003378378378378379,0.0,0
2027,1.0,0.0,0.0,0
2028,0.7601351351351351,0.23986486486486486,0.0,0
2029,1.0,0.0,0.0,0
2030,1.0,0.0,0.0,0
2031,1.0,0.0,0.0,0
2032,1.0,0.0,0.0,0
2033,1.0,0.0,0.0,0
2034,0.9868421052631579,0.0,0.013157894736842105,0
2035,0.9966555183946488,0.003344481605351171,0.0,0
2036,1.0,0.0,0.0,0
2037,0.9900990099009901,0.009900990099009901,0.0,0
2038,1.0,0.0,0.0,0
2039,0.990066225165563,0.009933774834437087,0.0,0
2040,0.9966777408637874,0.0033222591362126247,0.0,0
2041,0.029288702928870296,0.05439330543933055,0.9163179916317992,2
2042,0.9446254071661236,0.05537459283387621,0.0,0
2043,1.0,0.0,0.0,0
2044,0.9522292993630573,0.04777070063694268,0.0,0
2045,0.6666666666666667,0.33333333333333337,0.0,0
2046,0.9430604982206405,0.056939501779359435,0.0,0
2047,0.976897689768977,0.0,0.023102310231023104,0
2048,0.9933774834437087,0.006622516556291392,0.0,0
2049,1.0,0.0,0.0,0
2050,0.6915254237288135,0.3084745762711864,0.0,0
2051,1.0,0.0,0.0,0
2052,0.9900990099009901,0.009900990099009901,0.0,0
2053,1.0,0.0,0.0,0
2054,0.9550173010380623,0.04498269896193772,0.0,0
2055,0.9966555183946488,0.003344481605351171,0.0,0
2056,0.9933774834437087,0.006622516556291392,0.0,0
2057,0.892271662763466,0.10772833723653397,0.0,0
2058,1.0,0.0,0.0,0
2059,0.9519230769230769,0.04487179487179487,0.003205128205128205,0
2060,1.0,0.0,0.0,0
2061,1.0,0.0,0.0,0
2062,0.9966777408637874,0.0033222591362126247,0.0,0
2063,0.8847926267281107,0.11059907834101383,0.004608294930875577,0
2064,1.0,0.0,0.0,0
2065,0.9966666666666667,0.0033333333333333335,0.0,0
2066,0.04421768707482993,0.95578231292517,0.0,1
2067,0.9868421052631579,0.013157894736842105,0.0,0
2068,1.0,0.0,0.0,0
2069,1.0,0.0,0.0,0
2070,1.0,0.0,0.0,0
2071,1.0,0.0,0.0,0
2072,0.5121212121212121,0.4848484848484848,0.0030303030303030303,0
2073,0.9900332225913622,0.003322259136212625,0.00664451827242525,0
2074,0.5641025641025642,0.43589743589743596,0.0,0
2075,0.0927164171471675,0.9072835828528325,0.0,1
2076,0.8668639053254438,0.11834319526627218,0.014792899408284023,0
2077,0.9965870307167236,0.0,0.0034129692832764505,0
2078,0.9933774834437087,0.006622516556291392,0.0,0
2079,1.0,0.0,0.0,0
2080,1.0,0.0,0.0,0
2081,0.3424657534246575,0.6575342465753424,0.0,1
2082,0.9966329966329966,0.0033670033670033673,0.0,0
2083,1.0,0.0,0.0,0
2084,1.0,0.0,0.0,0
2085,0.7411347517730497,0.2588652482269504,0.0,0
2086,1.0,0.0,0.0,0
2087,0.8553719008264462,0.0,0.14462809917355374,0
2088,0.9831649831649831,0.0,0.016835016835016835,0
2089,1.0,0.0,0.0,0
2090,0.9899665551839465,0.010033444816053512,0.0,0
2091,0.9966777408637874,0.0,0.0033222591362126247,0
2092,1.0,0.0,0.0,0
2093,1.0,0.0,0.0,0
2094,1.0,0.0,0.0,0
2095,1.0,0.0,0.0,0
2096,1.0,0.0,0.0,0
2097,0.034722222222222224,0.020833333333333336,0.9444444444444444,2
2098,0.6860465116279071,0.0,0.3139534883720931,0
2099,0.9339622641509433,0.0660377358490566,0.0,0
2100,1.0,0.0,0.0,0
2101,0.9677419354838709,0.03225806451612903,0.0,0
2102,1.0,0.0,0.0,0
2103,1.0,0.0,0.0,0
2104,0.9867986798679869,0.013201320132013201,0.0,0
2105,0.817629179331307,0.182370820668693,0.0,0
2106,0.9933774834437087,0.006622516556291392,0.0,0
2107,0.048231511254019296,0.0032154340836012866,0.9485530546623794,2
2108,0.982876712328767,0.017123287671232876,0.0,0
2109,1.0,0.0,0.0,0
2110,0.038461538461538464,0.9615384615384616,0.0,1
2111,0.9965753424657534,0.0,0.0034246575342465756,0
2112,0.9900990099009901,0.009900990099009901,0.0,0
2113,0.7709251101321586,0.0,0.2290748898678414,0
2114,0.8352941176470586,0.1352941176470588,0.02941176470588235,0
2115,0.9933774834437085,0.003311258278145695,0.003311258278145695,0
2116,0.43018867924528303,0.569811320754717,0.0,1
2117,0.9899665551839465,0.010033444816053512,0.0,0
2118,0.9866666666666667,0.013333333333333334,0.0,0
2119,0.9835526315789473,0.006578947368421052,0.009868421052631578,0
2120,1.0,0.0,0.0,0
2121,0.9966777408637874,0.0033222591362126247,0.0,0
2122,0.9509803921568627,0.049019607843137254,0.0,0
2123,1.0,0.0,0.0,0
2124,1.0,0.0,0.0,0
2125,0.963934426229508,0.032786885245901634,0.0032786885245901635,0
2126,0.10954063604240283,0.8904593639575972,0.0,1
2127,0.9933554817275747,0.006644518272425249,0.0,0
2128,0.9898648648648648,0.0,0.010135135135135136,0
2129,0.9309210526315789,0.06907894736842106,0.0,0
2130,0.9933774834437087,0.006622516556291392,0.0,0
2131,1.0,0.0,0.0,0
2132,0.9966777408637874,0.0033222591362126247,0.0,0
2133,1.0,0.0,0.0,0
2134,1.0,0.0,0.0,0
2135,1.0,0.0,0.0,0
2136,1.0,0.0,0.0,0
2137,0.32575757575757575,0.6742424242424242,0.0,1
2138,1.0,0.0,0.0,0
2139,0.9966777408637874,0.0033222591362126247,0.0,0
2140,0.8794788273615635,0.12052117263843648,0.0,0
2141,0.946031746031746,0.053968253968253964,0.0,0
2142,0.9932659932659932,0.006734006734006735,0.0,0
2143,0.962457337883959,0.03754266211604096,0.0,0
2144,0.10416666666666667,0.8958333333333334,0.0,1
2145,0.9966442953020135,0.0033557046979865775,0.0,0
2146,0.0032573289902280127,0.029315960912052113,0.9674267100977197,2
2147,0.1935483870967742,0.44086021505376344,0.3655913978494624,1
2148,1.0,0.0,0.0,0
2149,0.5071942446043165,0.49280575539568344,0.0,0
2150,0.9866220735785953,0.013377926421404684,0.0,0
2151,0.9966555183946488,0.003344481605351171,0.0,0
2152,1.0,0.0,0.0,0
2153,0.5083333333333333,0.4083333333333333,0.08333333333333333,0
2154,1.0,0.0,0.0,0
2155,0.009900990099009901,0.006600660066006601,0.9834983498349834,2
2156,1.0,0.0,0.0,0
2157,0.990066225165563,0.009933774834437087,0.0,0
2158,0.6098484848484849,0.3901515151515152,0.0,0
2159,0.9867549668874173,0.013245033112582783,0.0,0
2160,1.0,0.0,0.0,0
2161,1.0,0.0,0.0,0
2162,0.9900990099009901,0.009900990099009901,0.0,0
2163,0.9291166848418756,0.07088331515812431,0.0,0
2164,1.0,0.0,0.0,0
2165,0.75,0.0,0.25,0
2166,1.0,0.0,0.0,0
2167,0.0076045627376425855,0.7262357414448669,0.2661596958174905,1
2168,1.0,0.0,0.0,0
2169,0.9966216216216216,0.003378378378378379,0.0,0
2170,0.9770491803278689,0.0032786885245901644,0.019672131147540985,0
2171,0.7361563517915308,0.26384364820846906,0.0,0
2172,1.0,0.0,0.0,0
2173,0.9801980198019802,0.019801980198019802,0.0,0
2174,0.09556313993174062,0.9044368600682593,0.0,1
2175,1.0,0.0,0.0,0
2176,0.016339869281045753,0.0032679738562091504,0.9803921568627451,2
2177,1.0,0.0,0.0,0
2178,1.0,0.0,0.0,0
2179,1.0,0.0,0.0,0
2180,0.9931271477663229,0.006872852233676976,0.0,0
2181,0.980132450331126,0.019867549668874173,0.0,0
2182,0.9365079365079366,0.0031746031746031755,0.06031746031746033,0
2183,0.9864864864864865,0.013513513513513514,0.0,0
2184,0.9900990099009901,0.0033003300330033004,0.006600660066006601,0
2185,1.0,0.0,0.0,0
2186,0.9900990099009901,0.009900990099009901,0.0,0
2187,0.9240924092409241,0.0759075907590759,0.0,0
2188,1.0,0.0,0.0,0
2189,0.0034364261168384883,0.027491408934707907,0.9690721649484536,2
2190,1.0,0.0,0.0,0
2191,0.9966216216216216,0.003378378378378379,0.0,0
2192,0.9701986754966886,0.02649006622516556,0.003311258278145695,0
2193,0.12052117263843648,0.8794788273615635,0.0,1
2194,1.0,0.0,0.0,0
2195,0.9965034965034966,0.0,0.003496503496503497,0
2196,1.0,0.0,0.0,0
2197,1.0,0.0,0.0,0
2198,0.9966442953020135,0.0033557046979865775,0.0,0
2199,0.006622516556291392,0.003311258278145696,0.990066225165563,2
