user,z0,z1,z2,predicted_class
1100,0.9847988581080078,0.015201141891992235,0.0,0
1101,0.9710076605774898,0.010842663523865644,0.018149675898644666,0
1102,1.0,0.0,0.0,0
1103,1.0,0.0,0.0,0
1104,0.7829578751562594,0.07758848338196866,0.13945364146177205,0
1105,0.9684803465996463,0.03151965340035362,0.0,0
1106,0.9719743379480006,0.028025662051999425,0.0,0
1107,0.9819558921808866,0.018044107819113385,0.0,0
1108,0.5696728108491279,0.43032718915087204,0.0,0
1109,0.9560803149462689,0.04391968505373108,0.0,0
1110,0.9605234983542251,0.03947650164577481,0.0,0
1111,1.0,0.0,0.0,0
1112,0.9945782702779825,0.005421729722017454,0.0,0
1113,1.0,0.0,0.0,0
1114,0.998003992015968,0.001996007984031936,0.0,0
1115,0.964599937013201,0.0354000629867989,0.0,0
1116,0.4148720842853897,0.5576246207337143,0.027503294980896004,1
1117,0.9726623852082878,0.02733761479171208,0.0,0
1118,0.9805245809019116,0.01947541909808834,0.0,0
1119,0.9882943143812709,0.0,0.011705685618729096,0
1120,1.0,0.0,0.0,0
1121,0.9934662422516335,0.002512983749371754,0.004020773998994806,0
1122,1.0,0.0,0.0,0
1123,0.9862277460530735,0.013772253946926435,0.0,0
1124,0.8769524807535989,0.02962083890453078,0.09342668034187025,0
1125,0.9975062344139651,0.002493765586034913,0.0,0
1126,1.0,0.0,0.0,0
1127,1.0,0.0,0.0,0
1128,0.9876212780194045,0.012378721980595517,0.0,0
1129,0.9659312134977288,0.03406878650227126,0.0,0
1130,0.006995672293193843,0.2138723342147308,0.7791319934920754,2
1131,1.0,0.0,0.0,0
1132,0.8966793285005827,0.10332067149941727,0.0,0
1133,0.7923295574390955,0.20767044256090447,0.0,0
1134,0.9966777408637874,0.0033222591362126242,0.0,0
1135,0.9054516909479725,0.09454830905202749,0.0,0
1136,0.9809605037968658,0.01903949620313429,0.0,0
1137,0.9926715522984677,0.007328447701532313,0.0,0
1138,0.17565051647394248,0.8188342017065079,0.005515281819549644,1
1139,0.9061651529055488,0.0,0.09383484709445115,0
1140,0.9727895572482295,0.02721044275177042,0.0,0
1141,0.9966777408637874,0.0,0.0033222591362126242,0
1142,0.9680592387412554,0.031940761258744566,0.0,0
1143,0.952105945986996,0.0,0.04789405401300387,0
1144,0.8156144837520222,0.09771040856535781,0.08667510768261998,0
1145,0.9776189291967413,0.022381070803258685,0.0,0
1146,0.9853330556629876,0.0033717113418419457,0.01129523299517052,0
1147,0.7264676208482036,0.2735323791517964,0.0,0
1148,0.9498295177788603,0.03166098392596202,0.01850949829517779,0
1149,0.9057660891837928,0.0,0.09423391081620718,0
1150,0.9871625135940233,0.004964773748167762,0.007872712657808879,0
1151,0.9900990099009901,0.009900990099009901,0.0,0
1152,0.9949511948838775,0.005048805116122518,0.0,0
1153,0.8549758285991542,0.013626871565572834,0.13139729983527282,0
1154,0.9235072014435309,0.07649279855646893,0.0,0
1155,1.0,0.0,0.0,0
1156,1.0,0.0,0.0,0
1157,0.9785658085305776,0.018136623551049655,0.0032975679183726643,0
1158,1.0,0.0,0.0,0
1159,0.8164950113718428,0.18350498862815728,0.0,0
1160,0.8881434761284928,0.0710745994277273,0.04078192444377999,0
1161,0.9832585949177877,0.016741405082212255,0.0,0
1162,1.0,0.0,0.0,0
1163,0.0051570550737087785,0.07565363785820153,0.9191893070680898,2
1164,0.9966722129783694,0.0033277870216306153,0.0,0
1165,0.968590692320342,0.031409307679657945,0.0,0
1166,0.5948952174762127,0.40510478252378734,0.0,0
1167,1.0,0.0,0.0,0
1168,0.9974937343358397,0.0025062656641604013,0.0,0
1169,0.914632934215325,0.085367065784675,0.0,0
1170,0.953124278390985,0.004849212580242922,0.042026509028771995,0
1171,0.9816941254784489,0.006656681644200365,0.01164919287735064,0
1172,0.990664861398133,0.0,0.009335138601867026,0
1173,0.9751445453967851,0.019518393798843632,0.005337060804371305,0
1174,0.864667279918481,0.009091246623192184,0.12624147345832684,0
1175,0.9798329790561492,0.0,0.020167020943850828,0
1176,0.9966191741125332,0.0033808258874667954,0.0,0
1177,0.8154812362595744,0.008206533146064359,0.1763122305943613,0
1178,0.9447466020219634,0.05525339797803664,0.0,0
1179,0.9850252355846505,0.007744015271918487,0.007230749143430868,0
1180,0.005608887105152328,0.11477394283747974,0.879617170057368,2
1181,0.9894197387998017,0.01058026120019838,0.0,0
1182,0.9966777408637874,0.0,0.0033222591362126242,0
1183,0.8582569761796506,0.056017508843044635,0.0857255149773048,0
1184,0.9941850805781692,0.0033228110981890673,0.0024921083236418007,0
1185,1.0,0.0,0.0,0
1186,1.0,0.0,0.0,0
1187,0.9916379047346,0.0,0.008362095265400039,0
1188,1.0,0.0,0.0,0
1189,0.9611018445735369,0.003690638240763818,0.03520751718569929,0
1190,0.6381497828900492,0.36185021710995074,0.0,0
1191,0.9906128331090711,0.0,0.009387166890928923,0
1192,0.8795231939517275,0.12047680604827254,0.0,0
1193,0.7145105025289756,0.2854894974710244,0.0,0
1194,0.848875226063391,0.15112477393660906,0.0,0
1195,0.977480168211794,0.02251983178820606,0.0,0
1196,0.9816388983339001,0.01836110166609996,0.0,0
1197,0.9937179352307884,0.006282064769211531,0.0,0
1198,0.28297507307707104,0.009134260787281367,0.7078906661356477,2
1199,0.9491108076329275,0.05088919236707243,0.0,0
1200,0.9966777408637874,0.0033222591362126242,0.0,0
1201,0.5757049317289029,0.42429506827109714,0.0,0
1202,1.0,0.0,0.0,0
1203,0.8108966634420559,0.08646747774488481,0.1026358588130593,0
1204,0.9927200529450694,0.00727994705493051,0.0,0
1205,0.9900990099009901,0.009900990099009901,0.0,0
1206,0.9960059910134798,0.0,0.003994008986520219,0
1207,1.0,0.0,0.0,0
1208,0.18413205504921845,0.8158679449507816,0.0,1
1209,0.9752468364577296,0.004044585179322536,0.020708578362947774,0
1210,0.9242681934864411,0.075731806513559,0.0,0
1211,0.9971489665003563,0.0028510334996436205,0.0,0
1212,0.9773602967669351,0.02263970323306479,0.0,0
1213,0.9966633299966634,0.0033366700033366703,0.0,0
1214,1.0,0.0,0.0,0
1215,0.9975062344139651,0.002493765586034913,0.0,0
1216,1.0,0.0,0.0,0
1217,0.9872859806746906,0.012714019325309375,0.0,0
1218,0.9766840395780325,0.023315960421967485,0.0,0
1219,1.0,0.0,0.0,0
1220,0.906129496177551,0.07435597127269837,0.019514532549750687,0
1221,0.2592121733281632,0.7407878266718368,0.0,1
1222,1.0,0.0,0.0,0
1223,0.9909165978530141,0.0024772914946325354,0.0066061106523534275,0
1224,1.0,0.0,0.0,0
1225,0.6513956721852671,0.3486043278147329,0.0,0
1226,0.9693413436217262,0.030658656378273783,0.0,0
1227,0.9645961145651517,0.03540388543484838,0.0,0
1228,0.9593672356648968,0.040632764335103155,0.0,0
1229,0.8450139413894987,0.0,0.15498605861050133,0
1230,0.9957686030345161,0.004231396965483889,0.0,0
1231,0.9949622166246851,0.005037783375314861,0.0,0
1232,1.0,0.0,0.0,0
1233,0.996661101836394,0.00333889816360601,0.0,0
1234,1.0,0.0,0.0,0
1235,0.908611950317747,0.09138804968225302,0.0,0
1236,0.8983643166684364,0.09082869332956706,0.010806990001996598,0
1237,0.9936262998993627,0.0063737001006373695,0.0,0
1238,0.996669442131557,0.0033305578684429634,0.0,0
1239,0.9117777477300824,0.08822225226991769,0.0,0
1240,0.69579074745047,0.3042092525495299,0.0,0
1241,0.15807322663949658,0.06827546633376978,0.7736513070267337,2
1242,0.9737737315373832,0.02622626846261683,0.0,0
1243,0.9923691427208775,0.00763085727912245,0.0,0
1244,0.937774064525347,0.06222593547465299,0.0,0
1245,0.9891576313594662,0.010842368640533775,0.0,0
1246,1.0,0.0,0.0,0
1247,0.998003992015968,0.001996007984031936,0.0,0
1248,0.9237337053249315,0.014310452643224784,0.06195584203184377,0
1249,0.8803742228326867,0.06789497382532327,0.05173080334199001,0
1250,0.6111632239298487,0.000310510085162543,0.3885262659849888,0
1251,0.032566723085039724,0.13976716048729357,0.8276661164276667,2
1252,0.9672897196261683,0.03271028037383177,0.0,0
1253,0.9884678747940692,0.011532125205930806,0.0,0
1254,1.0,0.0,0.0,0
1255,0.9917218543046358,0.008278145695364239,0.0,0
1256,0.9448317310905768,0.05516826890942323,0.0,0
1257,1.0,0.0,0.0,0
1258,0.9834036287404228,0.016596371259577226,0.0,0
1259,0.8905129619415333,0.10948703805846663,0.0,0
1260,0.9749940806975027,0.016714253216154353,0.00829166608634289,0
1261,1.0,0.0,0.0,0
1262,1.0,0.0,0.0,0
1263,0.9850789124055267,0.014921087594473454,0.0,0
1264,0.9896391568417292,0.01036084315827081,0.0,0
1265,0.9959893048128342,0.004010695187165775,0.0,0
1266,0.9312506077314884,0.06546073513588879,0.003288657132622797,0
1267,0.998560892246807,0.0,0.0014391077531930203,0
1268,0.00086104755815791,0.003324567782666736,0.9958143846591755,2
1269,1.0,0.0,0.0,0
1270,0.9860693997177696,0.013930600282230343,0.0,0
1271,0.2200881620014074,0.7799118379985926,0.0,1
1272,0.9247024558499226,0.07529754415007746,0.0,0
1273,0.9631411633301831,0.036858836669817006,0.0,0
1274,1.0,0.0,0.0,0
1275,1.0,0.0,0.0,0
1276,0.9005943146287324,0.03817934458314438,0.06122634078812325,0
1277,0.995,0.005,0.0,0
1278,0.9950186799501869,0.004981320049813201,0.0,0
1279,1.0,0.0,0.0,0
1280,0.8486670075548911,0.09763552195682916,0.053697470488279796,0
1281,0.9868421052631579,0.013157894736842103,0.0,0
1282,0.8493318695560843,0.15066813044391572,0.0,0
1283,1.0,0.0,0.0,0
1284,1.0,0.0,0.0,0
1285,0.9960155140622682,0.0,0.00398448593773181,0
1286,0.10860996574617675,0.10322151163441874,0.7881685226194045,2
1287,1.0,0.0,0.0,0
1288,0.809611008869403,0.0,0.19038899113059699,0
1289,1.0,0.0,0.0,0
1290,0.9971509971509971,0.0028490028490028487,0.0,0
1291,0.9821621090952518,0.017837890904748244,0.0,0
1292,1.0,0.0,0.0,0
1293,0.9627532673012407,0.03724673269875928,0.0,0
1294,0.9814323607427057,0.01856763925729443,0.0,0
1295,0.995,0.005,0.0,0
1296,0.982574047370395,0.01742595262960497,0.0,0
1297,0.9801063526730605,0.019893647326939507,0.0,0
1298,0.9900990099009901,0.0,0.009900990099009901,0
1299,1.0,0.0,0.0,0
1300,0.009860090255769137,0.2833896433662694,0.7067502663779613,2
1301,1.0,0.0,0.0,0
1302,0.9974937343358397,0.0025062656641604013,0.0,0
1303,0.9661534065479597,0.03384659345204032,0.0,0
1304,0.9649863790641687,0.016049797544574845,0.018963823391256525,0
1305,1.0,0.0,0.0,0
1306,0.9313607335188484,0.007903745670757342,0.0607355208103942,0
1307,0.995,0.005,0.0,0
1308,0.9966777408637874,0.0033222591362126242,0.0,0
1309,1.0,0.0,0.0,0
1310,1.0,0.0,0.0,0
1311,0.9763458401305057,0.02039151712887438,0.003262642740619902,0
1312,0.99419328079635,0.005806719203649937,0.0,0
1313,1.0,0.0,0.0,0
1314,0.9606599611148338,0.03934003888516632,0.0,0
1315,0.8668384212267031,0.12563166551521546,0.007529913258081388,0
1316,0.12979511134860247,0.8702048886513976,0.0,1
1317,0.8132530040531823,0.015328833336430066,0.17141816261038745,0
1318,1.0,0.0,0.0,0
1319,0.9416997469628684,0.05830025303713159,0.0,0
1320,1.0,0.0,0.0,0
1321,1.0,0.0,0.0,0
1322,0.9278492976895201,0.06838915110363059,0.0037615512068494054,0
1323,0.9974919383733429,0.0025080616266571123,0.0,0
1324,0.07781426356235703,0.922185736437643,0.0,1
1325,0.9792650478222308,0.02073495217776925,0.0,0
1326,0.95897040894424,0.04102959105576003,0.0,0
1327,0.3161837739580456,0.6838162260419544,0.0,1
1328,0.9771878270015886,0.0033795811849498397,0.01943259181346158,0
1329,0.9909304669129997,0.009069533087000337,0.0,0
1330,0.9714117293651232,0.028588270634876758,0.0,0
1331,1.0,0.0,0.0,0
1332,0.025303578967834833,0.005040191437913111,0.9696562295942521,2
1333,0.8312115089035991,0.16232090244267888,0.006467588653722093,0
1334,0.9198645618604564,0.07363228191787326,0.006503156221670408,0
1335,0.9706635622817228,0.006519208381839347,0.022817229336437712,0
1336,0.9728802483254371,0.0,0.02711975167456298,0
1337,0.22625837437822263,0.00793854391943647,0.7658030817023409,2
1338,1.0,0.0,0.0,0
1339,0.9925249169435216,0.007475083056478406,0.0,0
1340,0.7281255222230729,0.27030557182285875,0.0015689059540683363,0
1341,0.9281421747528737,0.07185782524712626,0.0,0
1342,0.8833372713357726,0.016582219667852772,0.10008050899637454,0
1343,1.0,0.0,0.0,0
1344,0.9749167066931985,0.025083293306801462,0.0,0
1345,0.7531927819002345,0.24680721809976552,0.0,0
1346,0.009145883162034693,0.9883490583119764,0.0025050585259889313,1
1347,1.0,0.0,0.0,0
1348,0.9411923186444089,0.05880768135559116,0.0,0
1349,0.995,0.005,0.0,0
1350,0.9851776040655715,0.014822395934428544,0.0,0
1351,1.0,0.0,0.0,0
1352,0.9578052302262153,0.008824001283491095,0.0333707684902936,0
1353,0.1829695027617415,0.813692593361106,0.0033379038771525066,1
1354,1.0,0.0,0.0,0
1355,1.0,0.0,0.0,0
1356,0.1422691186346106,0.8527148927009474,0.00501598866444206,1
1357,1.0,0.0,0.0,0
1358,1.0,0.0,0.0,0
1359,0.9742610800383413,0.010221239724016458,0.015517680237642092,0
1360,0.9386543268269206,0.061345673173079505,0.0,0
1361,0.8980571017549022,0.10194289824509781,0.0,0
1362,0.9950248756218907,0.0049751243781094535,0.0,0
1363,0.8703206268734265,0.12967937312657343,0.0,0
1364,0.9669036063083697,0.03309639369163038,0.0,0
1365,0.9835349858658874,0.016465014134112547,0.0,0
1366,1.0,0.0,0.0,0
1367,0.974012688408009,0.025987311591990955,0.0,0
1368,1.0,0.0,0.0,0
1369,0.9737677527151212,0.026232247284878867,0.0,0
1370,0.9869849156634909,0.01301508433650911,0.0,0
1371,0.9933708982432881,0.006629101756711965,0.0,0
1372,0.9949385879831794,0.005061412016820646,0.0,0
1373,1.0,0.0,0.0,0
1374,1.0,0.0,0.0,0
1375,0.9764472554028989,0.02355274459710118,0.0,0
1376,1.0,0.0,0.0,0
1377,1.0,0.0,0.0,0
1378,0.8408140379345214,0.07457678372748539,0.08460917833799324,0
1379,0.9886424410178528,0.011357558982147157,0.0,0
1380,0.964405165963087,0.03559483403691292,0.0,0
1381,1.0,0.0,0.0,0
1382,0.9966777408637874,0.0033222591362126242,0.0,0
1383,0.9793396301898581,0.020660369810141774,0.0,0
1384,0.9005346354624618,0.09946536453753811,0.0,0
1385,0.12508264862694582,0.8749173513730542,0.0,1
1386,0.9890849812176625,0.010915018782337516,0.0,0
1387,0.9504021471657155,0.049597852834284466,0.0,0
1388,0.25099869568586863,0.7490013043141314,0.0,1
1389,1.0,0.0,0.0,0
1390,1.0,0.0,0.0,0
1391,0.9431950046969112,0.0,0.056804995303088926,0
1392,0.994982438534872,0.005017561465127948,0.0,0
1393,0.24532214926996437,0.7546778507300356,0.0,1
1394,0.009723758560513525,0.9902762414394864,0.0,1
1395,0.9929758055524585,0.007024194447541531,0.0,0
1396,1.0,0.0,0.0,0
1397,1.0,0.0,0.0,0
1398,0.9818481848184818,0.018151815181518153,0.0,0
1399,0.9864677515165252,0.013532248483474854,0.0,0
1400,1.0,0.0,0.0,0
1401,1.0,0.0,0.0,0
1402,0.9170796589235172,0.0459533089127139,0.03696703216376888,0
1403,0.8719457628879097,0.07993418517615747,0.04812005193593283,0
1404,0.9850273371843666,0.014972662815633395,0.0,0
1405,1.0,0.0,0.0,0
1406,0.19420689716447284,0.1857679045963399,0.6200251982391872,2
1407,0.9764200916284209,0.018266126203335956,0.005313782168243187,0
1408,0.09163640460046713,0.03584920039431404,0.8725143950052188,2
1409,0.8888402436384703,0.1111597563615297,0.0,0
1410,1.0,0.0,0.0,0
1411,0.9905887621542031,0.004127735897279313,0.00528350194851752,0
1412,0.9932196131610878,0.006780386838912284,0.0,0
1413,0.9909097809471624,0.009090219052837625,0.0,0
1414,0.9966499162479062,0.003350083752093802,0.0,0
1415,0.9595484674617247,0.0,0.040451532538275416,0
1416,0.9930226067541167,0.006977393245883337,0.0,0
1417,1.0,0.0,0.0,0
1418,0.9940935390549662,0.005906460945033751,0.0,0
1419,1.0,0.0,0.0,0
1420,1.0,0.0,0.0,0
1421,0.9862275377699342,0.013772462230065702,0.0,0
1422,0.9966583124477861,0.003341687552213868,0.0,0
1423,0.24908942847684168,0.05070704898658248,0.7002035225365758,2
1424,0.8079029984117709,0.09322837737976888,0.0988686242084601,0
1425,1.0,0.0,0.0,0
1426,0.9754901960784316,0.0196078431372549,0.004901960784313726,0
1427,1.0,0.0,0.0,0
1428,1.0,0.0,0.0,0
1429,0.06990531685562185,0.6746427268666938,0.2554519562776843,1
1430,0.6196413801255318,0.3803586198744682,0.0,0
1431,0.9410888239876218,0.058911176012378136,0.0,0
1432,0.9371581594541608,0.02143287874124065,0.041408961804598604,0
1433,0.9468956629517756,0.05310433704822432,0.0,0
1434,0.9815929952477053,0.01840700475229477,0.0,0
1435,0.9529782921588493,0.04232491365038552,0.004696794190765108,0
1436,0.894754846728365,0.011555680697874948,0.09368947257375997,0
1437,0.939793998075017,0.0,0.06020600192498313,0
1438,0.9823698881639814,0.017630111836018578,0.0,0
1439,0.9843562404802437,0.015643759519756294,0.0,0
1440,1.0,0.0,0.0,0
1441,1.0,0.0,0.0,0
1442,1.0,0.0,0.0,0
1443,0.9959616355376073,0.004038364462392731,0.0,0
1444,0.9966375252185609,0.003362474781439139,0.0,0
1445,0.7188408769969059,0.28115912300309415,0.0,0
1446,0.9710283224470969,0.028971677552903165,0.0,0
1447,0.8353952304108601,0.16460476958913994,0.0,0
1448,1.0,0.0,0.0,0
1449,0.989644229163187,0.005010856856522465,0.00534491398029063,0
1450,1.0,0.0,0.0,0
1451,1.0,0.0,0.0,0
1452,0.9153228961800693,0.00814155811536725,0.07653554570456345,0
1453,0.1981155728781689,0.8018844271218311,0.0,1
1454,0.9629026193758615,0.0,0.03709738062413836,0
1455,1.0,0.0,0.0,0
1456,0.17743791516856264,0.0,0.8225620848314373,2
1457,0.11214849167434432,0.8878515083256557,0.0,1
1458,0.013345636464036912,0.0053603545203486916,0.9812940090156144,2
1459,0.9636968354371707,0.0363031645628292,0.0,0
1460,0.9139551242824222,0.08604487571757775,0.0,0
1461,1.0,0.0,0.0,0
1462,0.9805723148381229,0.019427685161877078,0.0,0
1463,1.0,0.0,0.0,0
1464,0.9960059910134798,0.003994008986520219,0.0,0
1465,0.9846276105605901,0.015372389439409918,0.0,0
1466,1.0,0.0,0.0,0
1467,0.9853898862284753,0.014610113771524678,0.0,0
1468,0.9457685528495903,0.04588190640618089,0.008349540744228763,0
1469,1.0,0.0,0.0,0
1470,0.9641749520086049,0.03582504799139515,0.0,0
1471,0.987649169657014,0.01068179921555537,0.0016690311274305265,0
1472,0.12300378192457843,0.8769962180754215,0.0,1
1473,0.9975062344139651,0.002493765586034913,0.0,0
1474,0.9277685355874287,0.0,0.07223146441257139,0
1475,0.9902485698581055,0.009751430141894505,0.0,0
1476,0.700926779074467,0.0,0.2990732209255329,0
1477,0.9975062344139651,0.0,0.002493765586034913,0
1478,1.0,0.0,0.0,0
1479,0.9926601581985319,0.0019952968003990592,0.005344545001068909,0
1480,1.0,0.0,0.0,0
1481,0.9840540253862745,0.0061874624332637984,0.009758512180461762,0
1482,1.0,0.0,0.0,0
1483,1.0,0.0,0.0,0
1484,0.9414474249979634,0.05855257500203657,0.0,0
1485,1.0,0.0,0.0,0
1486,0.9740232823240872,0.021106083111679164,0.004870634564233652,0
1487,1.0,0.0,0.0,0
1488,0.2692613814065207,0.7264307102081556,0.004307908385323855,1
1489,1.0,0.0,0.0,0
1490,0.12037199219667079,0.8796280078033293,0.0,1
1491,1.0,0.0,0.0,0
1492,1.0,0.0,0.0,0
1493,0.8944781230564026,0.1055218769435973,0.0,0
1494,0.9925187032418952,0.007481296758104738,0.0,0
1495,0.8464222990667277,0.11379026936512693,0.039787431568145314,0
1496,1.0,0.0,0.0,0
1497,0.9950248756218907,0.0049751243781094535,0.0,0
1498,0.9948400412796697,0.005159958720330237,0.0,0
1499,0.27143877331354394,0.6429945418933923,0.08556668479306374,1
1500,1.0,0.0,0.0,0
1501,0.3368625214577984,0.6631374785422016,0.0,1
1502,0.914399823753754,0.08560017624624607,0.0,0
1503,0.9537838272143069,0.044599415117028196,0.001616757668664927,0
1504,0.9854014598540146,0.0033178500331785005,0.0112806901128069,0
1505,0.7732959517161809,0.007745010069365378,0.21895903821445378,0
1506,0.24113223080820298,0.758867769191797,0.0,1
1507,0.9910581222056632,0.004967709885742673,0.003974167908594138,0
1508,0.9773422223723897,0.018619757852392657,0.004038019775217685,0
1509,1.0,0.0,0.0,0
1510,1.0,0.0,0.0,0
1511,0.9980006664445185,0.001999333555481506,0.0,0
1512,0.9868421052631579,0.0,0.013157894736842103,0
1513,0.028863193803123414,0.9711368061968766,0.0,1
1514,0.007803256468488433,0.14087278369050527,0.8513239598410063,2
1515,0.9835593916974927,0.016440608302507192,0.0,0
1516,1.0,0.0,0.0,0
1517,0.9879127994819771,0.012087200518022881,0.0,0
1518,1.0,0.0,0.0,0
1519,1.0,0.0,0.0,0
1520,0.9966777408637874,0.0033222591362126242,0.0,0
1521,1.0,0.0,0.0,0
1522,0.9692493325674567,0.03075066743254325,0.0,0
1523,0.8722722867476453,0.08681981684342231,0.04090789640893242,0
1524,1.0,0.0,0.0,0
1525,0.9788380659618526,0.021161934038147354,0.0,0
1526,0.983254433631628,0.005818922676268239,0.010926643692103694,0
1527,0.9468920496110524,0.05310795038894753,0.0,0
1528,0.9893380259543839,0.010661974045616121,0.0,0
1529,0.9909165978530141,0.0024772914946325354,0.0066061106523534275,0
1530,0.04558621205871479,0.8835055044341066,0.07090828350717868,1
1531,0.9966608727472327,0.0,0.0033391272527673586,0
1532,1.0,0.0,0.0,0
1533,0.990975935828877,0.0,0.009024064171122996,0
1534,1.0,0.0,0.0,0
1535,0.9725860609875974,0.027413939012402754,0.0,0
1536,0.9556326686767493,0.04436733132325065,0.0,0
1537,1.0,0.0,0.0,0
1538,1.0,0.0,0.0,0
1539,1.0,0.0,0.0,0
1540,1.0,0.0,0.0,0
1541,0.9247763169372967,0.07522368306270334,0.0,0
1542,1.0,0.0,0.0,0
1543,1.0,0.0,0.0,0
1544,0.9868885496551684,0.013111450344831748,0.0,0
1545,1.0,0.0,0.0,0
1546,1.0,0.0,0.0,0
1547,0.9776037324583347,0.02239626754166533,0.0,0
1548,0.9926837379447955,0.0,0.007316262055204524,0
1549,0.7960744289808207,0.013939763122069765,0.18998580789710964,0
1550,0.9946817350839288,0.005318264916071131,0.0,0
1551,1.0,0.0,0.0,0
1552,0.07064150678071125,0.9293584932192887,0.0,1
1553,0.9863789490320173,0.01362105096798267,0.0,0
1554,0.9104396513028894,0.08956034869711074,0.0,0
1555,0.9960159362549801,0.00398406374501992,0.0,0
1556,1.0,0.0,0.0,0
1557,0.4722154023553768,0.11652393627178902,0.41126066137283424,0
1558,0.9969788519637462,0.0030211480362537764,0.0,0
1559,0.9627245793224535,0.025884852631590658,0.011390568045955757,0
1560,0.9777777777777776,0.01893004115226337,0.003292181069958847,0
1561,0.946758946305189,0.0034189678728760216,0.049822085821935064,0
1562,0.9960093116062521,0.0039906883937479215,0.0,0
1563,0.9486241450612375,0.01272466995387307,0.03865118498488945,0
1564,0.7081264617277439,0.29187353827225615,0.0,0
1565,1.0,0.0,0.0,0
1566,1.0,0.0,0.0,0
1567,0.9801384131916246,0.019861586808375405,0.0,0
1568,0.9768618199456957,0.023138180054304288,0.0,0
1569,0.995,0.005,0.0,0
1570,0.9899497487437185,0.003350083752093802,0.006700167504187604,0
1571,0.9966722129783694,0.0,0.0033277870216306153,0
1572,0.9652584987541342,0.03474150124586592,0.0,0
1573,1.0,0.0,0.0,0
1574,0.9948655315847269,0.005134468415273092,0.0,0
1575,0.9809641679427473,0.019035832057252643,0.0,0
1576,1.0,0.0,0.0,0
1577,0.006649698924229492,0.14018847669726575,0.8531618243785049,2
1578,1.0,0.0,0.0,0
1579,0.9620132374586138,0.03798676254138607,0.0,0
1580,0.9899978951936728,0.010002104806327282,0.0,0
1581,0.9461198056105605,0.05388019438943949,0.0,0
1582,1.0,0.0,0.0,0
1583,0.9664345641603989,0.019785941126501706,0.013779494713099406,0
1584,1.0,0.0,0.0,0
1585,1.0,0.0,0.0,0
1586,0.7978087496852406,0.0,0.2021912503147593,0
1587,0.03276889232291278,0.9672311076770873,0.0,1
1588,0.5859415457439934,0.23805157487435785,0.17600687938164875,0
1589,0.11982039640755329,0.8801796035924466,0.0,1
1590,0.14969977627151154,0.08264634246479388,0.7676538812636946,2
1591,0.9950187234169863,0.004981276583013797,0.0,0
1592,1.0,0.0,0.0,0
1593,0.9957325746799431,0.0042674253200568986,0.0,0
1594,1.0,0.0,0.0,0
1595,0.9966555183946488,0.00334448160535117,0.0,0
1596,0.9897085697797442,0.010291430220255842,0.0,0
1597,0.9734232960704935,0.01661043995594156,0.009966263973564937,0
1598,0.9370580773376083,0.06294192266239163,0.0,0
1599,1.0,0.0,0.0,0
1600,0.38258082340127053,0.08210393667739971,0.5353152399213298,2
1601,0.9927087936367653,0.0,0.007291206363234646,0
1602,1.0,0.0,0.0,0
1603,0.1819093485976629,0.818090651402337,0.0,1
1604,0.9821130986985989,0.015342936198483889,0.002543965102917373,0
1605,0.1112935079436731,0.8887064920563269,0.0,1
1606,1.0,0.0,0.0,0
1607,1.0,0.0,0.0,0
1608,0.9729029402159033,0.027097059784096607,0.0,0
1609,0.9950248756218907,0.0049751243781094535,0.0,0
1610,0.9697406340057637,0.030259365994236308,0.0,0
1611,1.0,0.0,0.0,0
1612,0.996661101836394,0.00333889816360601,0.0,0
1613,0.8463649722098506,0.1536350277901494,0.0,0
1614,1.0,0.0,0.0,0
1615,1.0,0.0,0.0,0
1616,1.0,0.0,0.0,0
1617,0.9857723577235772,0.014227642276422765,0.0,0
1618,0.9966346153846154,0.003365384615384615,0.0,0
1619,0.9132915012710334,0.08204257054624194,0.004665928182724661,0
1620,0.9685436446472954,0.0,0.031456355352704614,0
1621,1.0,0.0,0.0,0
1622,0.9775675872761033,0.02243241272389674,0.0,0
1623,0.9910364279567837,0.0,0.00896357204321637,0
1624,1.0,0.0,0.0,0
1625,1.0,0.0,0.0,0
1626,0.9232423776312066,0.005031171886357888,0.07172645048243553,0
1627,1.0,0.0,0.0,0
1628,0.997477170869733,0.0,0.0025228291302670245,0
1629,0.8753828553620832,0.12461714463791689,0.0,0
1630,0.995560488346282,0.004439511653718091,0.0,0
1631,0.9941908713692947,0.0058091286307053935,0.0,0
1632,0.8657817761769262,0.13035148538627453,0.003866738436799398,0
1633,0.9975020815986678,0.0024979184013322235,0.0,0
1634,0.4160059557901134,0.5839940442098867,0.0,1
1635,0.38126355364963777,0.0029897819095379935,0.6157466644408243,2
1636,0.9829712049344876,0.017028795065512414,0.0,0
1637,0.6271493628682581,0.3681219505212747,0.004728686610467186,0
1638,0.9957254808834006,0.004274519116599382,0.0,0
1639,0.6132399068503931,0.3867600931496069,0.0,0
1640,0.9514655259140673,0.04534141658027915,0.003193057505653461,0
1641,0.7796894948961283,0.0030320264075413064,0.2172784786963304,0
1642,0.9352879042843263,0.024136126027185786,0.040575969688487916,0
1643,0.9340305711987128,0.05309734513274337,0.012872083668543846,0
1644,1.0,0.0,0.0,0
1645,0.8150178604537583,0.1849821395462416,0.0,0
1646,0.9985687022900763,0.0014312977099236641,0.0,0
1647,0.988176674267376,0.011823325732623931,0.0,0
1648,0.9960093116062522,0.0,0.0039906883937479215,0
1649,0.985834294185472,0.0019766101136550816,0.012189095700873002,0
1650,0.8029853244260503,0.17580191994738376,0.021212755626566,0
1651,0.9950089126559715,0.004991087344028521,0.0,0
1652,1.0,0.0,0.0,0
1653,0.9796001960720294,0.02039980392797058,0.0,0
1654,1.0,0.0,0.0,0
1655,1.0,0.0,0.0,0
1656,0.9960159362549801,0.0,0.00398406374501992,0
1657,0.9959919839679359,0.0,0.004008016032064128,0
1658,1.0,0.0,0.0,0
1659,0.0808398956935743,0.9191601043064256,0.0,1
1660,0.0017505601345983311,3.068341336010874e-05,0.9982187564520416,2
1661,0.005625583173798726,3.0531167017607883e-05,0.9943438856591836,2
1662,0.93694595303105,0.06305404696895009,0.0,0
1663,0.9721525944599596,0.02784740554004034,0.0,0
1664,0.6239720896221708,0.010743722047303656,0.36528418833052567,0
1665,0.9903487978327126,0.0025397900440230275,0.007111412123264477,0
1666,0.9185789845218256,0.08142101547817439,0.0,0
1667,0.9975062344139651,0.002493765586034913,0.0,0
1668,0.9925558312655088,0.004962779156327544,0.002481389578163772,0
1669,0.9126300441621488,0.08736995583785112,0.0,0
1670,0.9421596481426172,0.0437442183155156,0.014096133541867048,0
1671,0.995,0.0,0.005,0
1672,0.061082595545755285,0.06815053159606552,0.8707668728581792,2
1673,0.9777094542659494,0.0033110624963046177,0.018979483237746113,0
1674,0.9971509971509971,0.0028490028490028487,0.0,0
1675,0.9950248756218907,0.0049751243781094535,0.0,0
1676,0.9950248756218907,0.0049751243781094535,0.0,0
1677,1.0,0.0,0.0,0
1678,0.9571318640462747,0.03902919840563043,0.0038389375480947967,0
1679,1.0,0.0,0.0,0
1680,0.9620850449650272,0.037914955034972796,0.0,0
1681,0.17682889366708715,0.047027748561660865,0.776143357771252,2
1682,0.9926459232526194,0.0,0.0073540767473806576,0
1683,0.9613909473262567,0.03199979971960745,0.00660925295413579,0
1684,0.753550691815045,0.003294778455614795,0.24315452972934018,0
1685,0.9692656084734435,0.030734391526556677,0.0,0
1686,1.0,0.0,0.0,0
1687,0.9930709534368071,0.006929046563192905,0.0,0
1688,1.0,0.0,0.0,0
1689,0.9958598404033111,0.004140159596688858,0.0,0
1690,1.0,0.0,0.0,0
1691,0.9901083915412342,0.009891608458765758,0.0,0
1692,1.0,0.0,0.0,0
1693,1.0,0.0,0.0,0
1694,0.9675486769845233,0.032451323015476784,0.0,0
1695,0.9966777408637874,0.0033222591362126242,0.0,0
1696,0.5356448706218091,0.464355129378191,0.0,0
1697,1.0,0.0,0.0,0
1698,0.9472474777825005,0.05275252221749945,0.0,0
1699,1.0,0.0,0.0,0
1700,0.9110552804954797,0.06948407936809907,0.019460640136421282,0
1701,1.0,0.0,0.0,0
1702,0.9453777524677296,0.0546222475322703,0.0,0
1703,0.8106677573891684,0.18933224261083154,0.0,0
1704,0.02240345443378448,0.17586261563464756,0.8017339299315681,2
1705,0.036748007691018096,0.9632519923089818,0.0,1
1706,0.995,0.005,0.0,0
1707,0.847845150344864,0.15215484965513593,0.0,0
1708,0.9300491106649396,0.0699508893350605,0.0,0
1709,0.994263862332696,0.0007648183556405354,0.00497131931166348,0
1710,0.9868491029698366,0.01315089703016332,0.0,0
1711,0.9971509971509971,0.0028490028490028487,0.0,0
1712,1.0,0.0,0.0,0
1713,0.7199159068812921,0.2771342436336684,0.0029498494850395047,0
1714,0.9906060506625406,0.009393949337459436,0.0,0
1715,0.5469382796083607,0.45306172039163933,0.0,0
1716,0.48653172134983597,0.0,0.5134682786501641,2
1717,0.9437747181988019,0.05622528180119815,0.0,0
1718,0.9567340542805864,0.010777766642675582,0.032488179076738066,0
1719,0.9992294355615489,0.0007705644384511654,0.0,0
1720,0.926173855946413,0.06914479684208324,0.004681347211503858,0
1721,0.18762870986672295,0.003237109939906916,0.8091341801933701,2
1722,0.8592143025553053,0.014085480369759101,0.12670021707493556,0
1723,0.9898114644829555,0.0028565987430965527,0.00733193677394782,0
1724,0.9802631578947368,0.004934210526315789,0.014802631578947366,0
1725,0.9867814628435166,0.013218537156483344,0.0,0
1726,1.0,0.0,0.0,0
1727,0.9703990373807756,0.02630168296024518,0.0032992796589790506,0
1728,0.9824508543789526,0.017549145621047438,0.0,0
1729,0.9960093116062522,0.0039906883937479215,0.0,0
1730,0.8980658916181883,0.09062048126234339,0.011313627119468457,0
1731,0.5934395315078906,0.007817888583185852,0.39874257990892353,0
1732,0.22260881813301464,0.7773911818669853,0.0,1
1733,0.014215496460362,0.985784503539638,0.0,1
1734,0.9956414354206015,0.0043585645793985175,0.0,0
1735,0.5871974792817821,0.22761339010939208,0.18518913060882583,0
1736,1.0,0.0,0.0,0
1737,0.9493805139083064,0.010123897218338717,0.04049558887335487,0
1738,0.9572262716530338,0.042773728346966175,0.0,0
1739,1.0,0.0,0.0,0
1740,0.9949151874106396,0.0,0.005084812589360394,0
1741,1.0,0.0,0.0,0
1742,0.9872209916510479,0.01277900834895212,0.0,0
1743,0.9787720444154147,0.02122795558458523,0.0,0
1744,0.9966777408637874,0.0,0.0033222591362126242,0
1745,0.9184696081068774,0.08153039189312253,0.0,0
1746,0.9980006664445186,0.001999333555481506,0.0,0
1747,0.8913433220946924,0.10865667790530756,0.0,0
1748,0.8952079101845859,0.09698011293886567,0.007811976876548444,0
1749,0.9623798422380481,0.0,0.03762015776195191,0
1750,0.028223835189024573,0.9717761648109755,0.0,1
1751,0.014081854873501729,0.008075986510630634,0.9778421586158677,2
1752,1.0,0.0,0.0,0
1753,1.0,0.0,0.0,0
1754,0.9933444259567388,0.006655574043261231,0.0,0
1755,0.9766177189886291,0.0007759453254143802,0.022606335685956453,0
1756,0.9424606138389356,0.05753938616106441,0.0,0
1757,0.06421897421095128,0.9236051911924275,0.012175834596621173,1
1758,0.9612807166362105,0.03871928336378949,0.0,0
1759,1.0,0.0,0.0,0
1760,1.0,0.0,0.0,0
1761,0.9702891445125259,0.029710855487474055,0.0,0
1762,0.992282249173098,0.004410143329658213,0.00330760749724366,0
1763,0.9966777408637874,0.0033222591362126242,0.0,0
1764,0.9884297520661158,0.006611570247933886,0.004958677685950414,0
1765,0.048628182590667694,0.9513718174093322,0.0,1
1766,0.9966777408637874,0.0033222591362126242,0.0,0
1767,0.9633530418260454,0.036646958173954594,0.0,0
1768,0.42579097980013386,0.3815587886490748,0.19265023155079142,0
1769,0.9941908713692947,0.0058091286307053935,0.0,0
1770,1.0,0.0,0.0,0
1771,0.02902276566235744,0.02394133827615883,0.9470358960614838,2
1772,0.9926077785881843,0.0073922214118157265,0.0,0
1773,0.9926837379447955,0.0033255736614566014,0.0039906883937479215,0
1774,0.9975062344139651,0.0,0.002493765586034913,0
1775,1.0,0.0,0.0,0
1776,0.9809465952394103,0.019053404760589827,0.0,0
1777,0.9895955627751937,0.010404437224806346,0.0,0
1778,1.0,0.0,0.0,0
1779,1.0,0.0,0.0,0
1780,0.40662129114691825,0.5933787088530817,0.0,1
1781,1.0,0.0,0.0,0
1782,0.9966386554621849,0.003361344537815126,0.0,0
1783,0.9948400412796697,0.005159958720330237,0.0,0
1784,1.0,0.0,0.0,0
1785,0.1400959022397137,0.0,0.8599040977602862,2
1786,0.8164950113718428,0.18350498862815728,0.0,0
1787,0.005308648989629444,0.2541236940707953,0.7405676569395752,2
1788,1.0,0.0,0.0,0
1789,0.9867637326273991,0.013236267372600925,0.0,0
1790,0.9975062344139651,0.0,0.002493765586034913,0
1791,0.9899239498116739,0.0,0.010076050188326175,0
1792,0.9476191224788166,0.05238087752118345,0.0,0
1793,0.29390443349452045,0.7060955665054794,0.0,1
1794,1.0,0.0,0.0,0
1795,0.9876543209876544,0.01234567901234568,0.0,0
1796,0.03428852900413161,0.9657114709958685,0.0,1
1797,0.892155700082793,0.009785512295183853,0.09805878762202316,0
1798,0.9720840930438144,0.022722249848057898,0.00519365710812752,0
1799,0.9949341358231143,0.005065864176885682,0.0,0
1800,0.993253320076699,0.006746679923300901,0.0,0
1801,0.9259218380423516,0.07407816195764846,0.0,0
1802,0.9352084960434363,0.06479150395656372,0.0,0
1803,0.9925434962717481,0.007456503728251864,0.0,0
1804,1.0,0.0,0.0,0
1805,0.9785579146520917,0.0,0.021442085347908344,0
1806,0.9824315845359333,0.0175684154640668,0.0,0
1807,0.9982758620689655,0.0017241379310344827,0.0,0
1808,0.9906973441272545,0.0,0.009302655872745348,0
1809,0.9274828133903997,0.0033948858469633955,0.06912230076263684,0
1810,1.0,0.0,0.0,0
1811,0.9946714031971581,0.0053285968028419185,0.0,0
1812,0.9522571562476921,0.04774284375230779,0.0,0
1813,1.0,0.0,0.0,0
1814,1.0,0.0,0.0,0
1815,1.0,0.0,0.0,0
1816,0.9949816469394388,0.0,0.005018353060561136,0
1817,0.9971509971509971,0.0028490028490028487,0.0,0
1818,0.9342530132750418,0.0657469867249581,0.0,0
1819,0.9966777408637874,0.0033222591362126242,0.0,0
1820,0.9733335358352444,0.026666464164755557,0.0,0
1821,1.0,0.0,0.0,0
1822,0.9851724754537172,0.014827524546282845,0.0,0
1823,0.9930302024560239,0.0,0.006969797543976102,0
1824,1.0,0.0,0.0,0
1825,0.9812478393389897,0.01875216066101029,0.0,0
1826,0.9900166389351082,0.009983361064891847,0.0,0
1827,0.9890943575154102,0.007586533902323376,0.003319108582266477,0
1828,0.9370731372058128,0.0629268627941873,0.0,0
1829,1.0,0.0,0.0,0
1830,0.9946714031971581,0.0053285968028419185,0.0,0
1831,0.9024703068179207,0.09281515047144404,0.004714542710635375,0
1832,0.894514230557394,0.105485769442606,0.0,0
1833,0.9709418423480064,0.02905815765199356,0.0,0
1834,0.994203629032258,0.0057963709677419355,0.0,0
1835,1.0,0.0,0.0,0
1836,0.8176985942734386,0.18230140572656148,0.0,0
1837,0.9900990099009901,0.009900990099009901,0.0,0
1838,0.9624619515398839,0.03753804846011605,0.0,0
1839,0.8747585107053897,0.12524148929461026,0.0,0
1840,0.9956860395446374,0.004313960455362492,0.0,0
1841,0.9975062344139651,0.002493765586034913,0.0,0
1842,0.8609124693731033,0.0025457871263990044,0.13654174350049772,0
1843,0.9669336409376859,0.03306635906231404,0.0,0
1844,1.0,0.0,0.0,0
1845,0.9485406603848285,0.006910021907250509,0.04454931770792092,0
1846,0.870011382517593,0.12618200504144436,0.003806612440962545,0
1847,0.19815459066878774,0.8018454093312122,0.0,1
1848,0.996011964107677,0.0,0.003988035892323031,0
1849,0.9950166112956811,0.0049833887043189366,0.0,0
1850,0.8629202093322762,0.1370797906677238,0.0,0
1851,0.9877158034528553,0.012284196547144754,0.0,0
1852,0.17840963896338347,0.008079488332286288,0.8135108727043303,2
1853,0.9307511759159991,0.06924882408400079,0.0,0
1854,0.9893643334157803,0.0,0.010635666584219638,0
1855,0.9884678747940692,0.011532125205930806,0.0,0
1856,1.0,0.0,0.0,0
1857,0.9877158034528553,0.012284196547144754,0.0,0
1858,0.9830997526793076,0.016900247320692497,0.0,0
1859,0.992701940620335,0.007298059379664952,0.0,0
1860,0.9966777408637874,0.0033222591362126242,0.0,0
1861,1.0,0.0,0.0,0
1862,1.0,0.0,0.0,0
1863,0.9815899581589959,0.0,0.01841004184100418,0
1864,1.0,0.0,0.0,0
1865,1.0,0.0,0.0,0
1866,0.9592402722917892,0.04075972770821077,0.0,0
1867,0.88623419749084,0.11066941104667359,0.003096391462486273,0
1868,0.9810668422785643,0.007408626934474811,0.011524530786960816,0
1869,0.974604221635884,0.0,0.025395778364116096,0
1870,0.9903164855928202,0.004959848842701938,0.004723665564478036,0
1871,0.9745106706877293,0.025489329312270572,0.0,0
1872,0.17671084914245527,0.8232891508575447,0.0,1
1873,1.0,0.0,0.0,0
1874,0.9922308546059933,0.007769145394006657,0.0,0
1875,0.7187890839697917,0.28121091603020837,0.0,0
1876,0.9562757519039532,0.0037970523783423353,0.039927195717704464,0
1877,0.9975062344139651,0.002493765586034913,0.0,0
1878,0.006302911972817531,0.07498284500176441,0.918714243025418,2
1879,0.9766068575525509,0.023393142447449042,0.0,0
1880,0.9803003880938947,0.0,0.019699611906105214,0
1881,0.9754876395118389,0.008170786829387017,0.016341573658774033,0
1882,0.003352037449446538,0.09002477583569568,0.9066231867148578,2
1883,0.9547498722539891,0.03983717199202781,0.005412955753982929,0
1884,0.9866565472863215,0.013343452713678499,0.0,0
1885,0.10437780245698614,0.8918726771097357,0.0037495204332782346,1
1886,0.8477657561388446,0.0,0.15223424386115542,0
1887,0.04276848510066098,0.957231514899339,0.0,1
1888,0.1285884813456511,0.866368912329907,0.005042606324441875,1
1889,0.9133125213481719,0.0050044086457116995,0.08168307000611652,0
1890,1.0,0.0,0.0,0
1891,0.9146973365833383,0.004903427948350391,0.08039923546831122,0
1892,0.9439282803585982,0.0032599837000814994,0.05281173594132029,0
1893,1.0,0.0,0.0,0
1894,0.9942004971002485,0.005799502899751449,0.0,0
1895,0.9426863292148268,0.05253088880031885,0.004782781984854524,0
1896,0.9706963942919259,0.0,0.0293036057080741,0
1897,0.5235706444274659,0.476429355572534,0.0,0
1898,1.0,0.0,0.0,0
1899,0.9706362153344209,0.0,0.029363784665579117,0
1900,1.0,0.0,0.0,0
1901,0.9779152947109981,0.02208470528900187,0.0,0
1902,0.9284351409319413,0.03874856076209074,0.032816298305967904,0
1903,0.9291229430249263,0.005086870117828256,0.06579018685724544,0
1904,0.7304250919646409,0.2120640514410258,0.05751085659433318,0
1905,0.9900990099009901,0.0,0.009900990099009901,0
1906,1.0,0.0,0.0,0
1907,0.9930542208201056,0.0028940746582893145,0.00405170452160504,0
1908,0.9734403066004496,0.026559693399550586,0.0,0
1909,0.4142282541675302,0.5857717458324698,0.0,1
1910,1.0,0.0,0.0,0
1911,1.0,0.0,0.0,0
1912,1.0,0.0,0.0,0
1913,0.9905069911289273,0.006191092742003878,0.0033019161290687342,0
1914,0.9711670480549199,0.02883295194508009,0.0,0
1915,1.0,0.0,0.0,0
1916,0.023542677504726998,0.10506096082072647,0.8713963616745466,2
1917,0.17357953426579895,0.826420465734201,0.0,1
1918,0.9776961427446864,0.022303857255313565,0.0,0
1919,1.0,0.0,0.0,0
1920,0.9959893048128342,0.004010695187165775,0.0,0
1921,0.9861857873957176,0.013814212604282321,0.0,0
1922,1.0,0.0,0.0,0
1923,0.9924874791318865,0.007512520868113524,0.0,0
1924,0.9410448953506951,0.054162006710337114,0.004793097938967887,0
1925,0.9979906229068989,0.002009377093101139,0.0,0
1926,0.9946500476657988,0.0020062321253254793,0.0033437202088757987,0
1927,0.7661040302122105,0.23389596978778962,0.0,0
1928,0.9955125563447768,0.004487443655223259,0.0,0
1929,0.9422045402415817,0.05779545975841828,0.0,0
1930,1.0,0.0,0.0,0
1931,0.963962481487576,0.03603751851242389,0.0,0
1932,0.9950199203187252,0.0,0.0049800796812749,0
1933,0.6413110509570972,0.3586889490429029,0.0,0
1934,0.9501591039180137,0.0069548354840962764,0.04288606059788996,0
1935,1.0,0.0,0.0,0
1936,0.9525602955022815,0.003379928055817098,0.044059776441901455,0
1937,1.0,0.0,0.0,0
1938,0.9063462804292625,0.0,0.0936537195707376,0
1939,0.9891196834817014,0.001978239366963403,0.008902077151335314,0
1940,0.99171362280411,0.008286377195889955,0.0,0
1941,1.0,0.0,0.0,0
1942,0.866004504244885,0.008576901804354843,0.12541859395076027,0
1943,0.9935355544505222,0.006464445549477872,0.0,0
1944,1.0,0.0,0.0,0
1945,0.34711194047370203,0.652888059526298,0.0,1
1946,0.09009540174381964,0.1391092710296511,0.7707953272265292,2
1947,0.9941471571906354,0.0,0.005852842809364548,0
1948,0.8661102054532199,0.13388979454678004,0.0,0
1949,0.8707982093900953,0.03608052265691895,0.09312126795298561,0
1950,0.0030803663825079456,0.02122690676821486,0.9756927268492772,2
1951,0.6486574557820607,0.005616139165464568,0.34572640505247476,0
1952,0.9873292743129835,0.01267072568701662,0.0,0
1953,0.9300193660688172,0.06523618417313666,0.004744449758046302,0
1954,1.0,0.0,0.0,0
1955,1.0,0.0,0.0,0
1956,0.9751487731811395,0.02485122681886045,0.0,0
1957,0.9745028046914839,0.020397756246812854,0.005099439061703214,0
1958,1.0,0.0,0.0,0
1959,1.0,0.0,0.0,0
1960,0.9904492394764769,0.007074637424831977,0.002476123098691192,0
1961,0.9807999972485442,0.019200002751455836,0.0,0
1962,0.9499122667092039,0.0,0.05008773329079598,0
1963,0.9712658468918732,0.013135612849429434,0.015598540258697453,0
1964,0.7995310305977208,0.19639368382181657,0.004075285580462645,0
1965,0.983078449833329,0.016921550166670907,0.0,0
1966,1.0,0.0,0.0,0
1967,0.4996092561516374,0.4961312695051976,0.004259474343165027,0
1968,0.993253344577759,0.0067466554222409625,0.0,0
1969,0.9654052262830904,0.003965023660464956,0.03062975005644455,0
1970,0.9852216748768474,0.014778325123152709,0.0,0
1971,0.9975062344139651,0.002493765586034913,0.0,0
1972,1.0,0.0,0.0,0
1973,0.9264990564809994,0.004697260541384695,0.06880368297761583,0
1974,0.989566081483935,0.006459092414706857,0.003974826101358066,0
1975,0.9525868399329487,0.022505076951904422,0.024908083115146782,0
1976,0.6463983326982832,0.349338627617471,0.004263039684245753,0
1977,1.0,0.0,0.0,0
1978,1.0,0.0,0.0,0
1979,0.0352800230277037,0.9581354133213639,0.0065845636509324935,1
1980,0.9922308546059934,0.007769145394006659,0.0,0
1981,0.626755569566946,0.1578675723833714,0.2153768580496826,0
1982,1.0,0.0,0.0,0
1983,1.0,0.0,0.0,0
1984,0.8400102190011841,0.15998978099881583,0.0,0
1985,0.013873421233906504,0.0368654660697991,0.9492611126962944,2
1986,0.9855426307043335,0.0,0.014457369295666623,0
1987,0.7023690564009887,0.29763094359901127,0.0,0
1988,0.7204619783404814,0.0030158823414213813,0.27652213931809716,0
1989,0.9966620305980529,0.003337969401947149,0.0,0
1990,1.0,0.0,0.0,0
1991,1.0,0.0,0.0,0
1992,0.9950248756218907,0.0049751243781094535,0.0,0
1993,1.0,0.0,0.0,0
1994,0.9150698804448929,0.005238969960484515,0.07969114959462267,0
1995,1.0,0.0,0.0,0
1996,1.0,0.0,0.0,0
1997,0.9907997169143667,0.004953998584571834,0.004246284501061571,0
1998,0.9917355371900827,0.008264462809917356,0.0,0
1999,0.981088618491017,0.018911381508982975,0.0,0
2000,0.8933637208846468,0.10207780610682246,0.004558473008530931,0
2001,0.9959893048128342,0.004010695187165775,0.0,0
2002,0.1279271396771002,0.8720728603228999,0.0,1
2003,0.985967439600111,0.014032560399888918,0.0,0
2004,0.9638275308684459,0.0064442866393670814,0.02972818249218708,0
2005,1.0,0.0,0.0,0
2006,0.12310548424684403,0.49698710561841186,0.37990741013474416,1
2007,0.8072820963379784,0.19271790366202163,0.0,0
2008,0.9771418896037928,0.02285811039620725,0.0,0
2009,0.9934755896352968,0.005074541394769121,0.0014498689699340346,0
2010,1.0,0.0,0.0,0
2011,0.8939284674051251,0.1030333766310619,0.0030381559638130856,0
2012,1.0,0.0,0.0,0
2013,0.9960159362549801,0.0,0.00398406374501992,0
2014,0.02194176552286612,0.01397640559810543,0.9640818288790285,2
2015,0.9582197496945565,0.0417802503054434,0.0,0
2016,0.9920371599203716,0.007962840079628402,0.0,0
2017,1.0,0.0,0.0,0
2018,0.09763891746084097,0.902361082539159,0.0,1
2019,0.988992568586914,0.011007431413085994,0.0,0
2020,0.006044496997984645,0.23750609849914794,0.7564494045028675,2
2021,0.9744248138579488,0.023951033542292527,0.001624152599758665,0
2022,0.9954000452454566,0.004599954754543397,0.0,0
2023,0.9917218543046358,0.0024834437086092716,0.005794701986754967,0
2024,0.9858112460674733,0.014188753932526783,0.0,0
2025,0.9916676586120701,0.00833234138793001,0.0,0
2026,0.9665595799708171,0.03344042002918285,0.0,0
2027,0.9966735966735966,0.0033264033264033257,0.0,0
2028,0.7804589264458676,0.20723921252205113,0.012301861032081125,0
2029,0.9583991384359966,0.04160086156400343,0.0,0
2030,1.0,0.0,0.0,0
2031,0.9954000452454566,0.004599954754543397,0.0,0
2032,0.9979969954932398,0.00200300450676014,0.0,0
2033,1.0,0.0,0.0,0
2034,0.9950166112956811,0.0,0.0049833887043189366,0
2035,1.0,0.0,0.0,0
2036,1.0,0.0,0.0,0
2037,0.9909075880310794,0.009092411968920478,0.0,0
2038,0.9905692380758533,0.009430761924146823,0.0,0
2039,0.9583638943100528,0.04163610568994715,0.0,0
2040,0.9966171726647357,0.00338282733526437,0.0,0
2041,0.009174857567613914,0.1126911456973702,0.8781339967350158,2
2042,0.9458437295334734,0.054156270466526504,0.0,0
2043,1.0,0.0,0.0,0
2044,0.9266815546617047,0.05845624587143818,0.014862199466857264,0
2045,0.5040163144354548,0.49598368556454514,0.0,0
2046,0.9406377480153459,0.059362251984654155,0.0,0
2047,0.9923960797566747,0.0,0.007603920243325447,0
2048,0.9831046703155147,0.016895329684485202,0.0,0
2049,1.0,0.0,0.0,0
2050,0.4419335916258218,0.5580664083741782,0.0,1
2051,0.9843980949252751,0.01560190507472491,0.0,0
2052,0.9933110367892977,0.0,0.00668896321070234,0
2053,1.0,0.0,0.0,0
2054,0.8640704357336855,0.13592956426631445,0.0,0
2055,0.9933774834437087,0.0,0.006622516556291391,0
2056,0.972187348869856,0.027812651130143962,0.0,0
2057,0.8972579620001163,0.10274203799988371,0.0,0
2058,0.9909668961831888,0.009033103816811215,0.0,0
2059,0.9476233767442764,0.04910308430224084,0.0032735389534827223,0
2060,0.9881074681753776,0.0118925318246223,0.0,0
2061,0.981860542519554,0.018139457480445997,0.0,0
2062,0.9941828254847646,0.002493074792243767,0.0033240997229916896,0
2063,0.7907029090159086,0.09809885587290337,0.11119823511118805,0
2064,0.9778869778869778,0.022113022113022112,0.0,0
2065,0.9456599048627099,0.05434009513729016,0.0,0
2066,0.01016744004604658,0.9898325599539535,0.0,1
2067,0.9866299520906617,0.01337004790933834,0.0,0
2068,0.9838423110782383,0.011228867115358122,0.004928821806403677,0
2069,1.0,0.0,0.0,0
2070,1.0,0.0,0.0,0
2071,0.9904704734749007,0.009529526525099422,0.0,0
2072,0.5331431608088136,0.4639887993501246,0.002868039841061763,0
2073,0.9398402476715674,0.003686469550340284,0.05647328277809224,0
2074,0.5364991942249632,0.46350080577503694,0.0,0
2075,0.149982305419779,0.850017694580221,0.0,1
2076,1.0,0.0,0.0,0
2077,0.9906973441272545,0.0,0.009302655872745348,0
2078,0.9966753740204226,0.0033246259795772968,0.0,0
2079,1.0,0.0,0.0,0
2080,1.0,0.0,0.0,0
2081,0.37802538189492485,0.6219746181050751,0.0,1
2082,0.9965957446808511,0.0034042553191489357,0.0,0
2083,0.9955201592832256,0.004479840716774515,0.0,0
2084,0.992023928215354,0.007976071784646063,0.0,0
2085,0.3934240747914707,0.6065759252085293,0.0,1
2086,1.0,0.0,0.0,0
2087,0.8452433551147593,0.0,0.1547566448852406,0
2088,0.985995686371845,0.005729037393336129,0.008275276234818853,0
2089,1.0,0.0,0.0,0
2090,0.9507464681326111,0.04925353186738891,0.0,0
2091,0.9950166112956811,0.0,0.0049833887043189366,0
2092,1.0,0.0,0.0,0
2093,0.9950221238938053,0.00497787610619469,0.0,0
2094,0.9971509971509971,0.0028490028490028487,0.0,0
2095,0.9960093116062522,0.0039906883937479215,0.0,0
2096,0.978688524590164,0.021311475409836064,0.0,0
2097,0.0321633026054068,0.05090327693920159,0.9169334204553916,2
2098,0.5367856010208631,0.0,0.46321439897913685,0
2099,0.9463938112421224,0.044283362409554425,0.009322826348323118,0
2100,0.9950248756218907,0.0049751243781094535,0.0,0
2101,0.9738678785911379,0.007953254341827625,0.01817886706703457,0
2102,0.9797186784429179,0.020281321557082104,0.0,0
2103,0.9867637326273991,0.013236267372600925,0.0,0
2104,0.9537218836523886,0.04627811634761134,0.0,0
2105,0.6958448710054477,0.2999607485269908,0.004194380467561572,0
2106,0.9760421019602236,0.023957898039776458,0.0,0
2107,0.10902353648187614,0.014317942233971181,0.8766585212841527,2
2108,0.9789181931295575,0.021081806870442452,0.0,0
2109,0.9667196737433423,0.028400273392793152,0.004880052863864575,0
2110,0.06175189698858984,0.9382481030114102,0.0,1
2111,0.9946572317336688,0.0,0.00534276826633106,0
2112,0.9966777408637874,0.0033222591362126242,0.0,0
2113,0.6937493998399885,0.003103200241125789,0.3031473999188858,0
2114,0.6148814447347294,0.2520209156107428,0.1330976396545278,0
2115,1.0,0.0,0.0,0
2116,0.37538100219047693,0.624618997809523,0.0,1
2117,0.9801751890394551,0.009118814104963692,0.010705996855581344,0
2118,0.9960159362549801,0.00398406374501992,0.0,0
2119,0.9037906780161338,0.09309417831837448,0.0031151436654916253,0
2120,0.9887308730873087,0.011269126912691267,0.0,0
2121,0.9909984997499584,0.009001500250041676,0.0,0
2122,0.7822050473689107,0.167631287938584,0.05016366469250542,0
2123,0.9953924012387644,0.004607598761235742,0.0,0
2124,1.0,0.0,0.0,0
2125,0.9569905573310984,0.0308146532835498,0.01219478938535186,0
2126,0.1572431665336787,0.830342851364056,0.012413982102265277,1
2127,0.9966587112171839,0.003341288782816229,0.0,0
2128,0.9695767195767196,0.0,0.030423280423280435,0
2129,0.9224074364306106,0.07759256356938932,0.0,0
2130,0.9974937343358397,0.0025062656641604013,0.0,0
2131,0.9867877786952932,0.013212221304706851,0.0,0
2132,0.9932962610549697,0.006703738945030419,0.0,0
2133,1.0,0.0,0.0,0
2134,0.998003992015968,0.001996007984031936,0.0,0
2135,0.9544889745402291,0.0455110254597709,0.0,0
2136,0.9926825212040578,0.007317478795942124,0.0,0
2137,0.18840040855632875,0.8115995914436713,0.0,1
2138,0.9950248756218907,0.0049751243781094535,0.0,0
2139,0.9966777408637874,0.0033222591362126242,0.0,0
2140,0.6871129456355842,0.29951657346022215,0.013370480904193679,0
2141,0.9950083194675542,0.004991680532445924,0.0,0
2142,0.9922041105598867,0.007795889440113396,0.0,0
2143,0.9836775483011327,0.012325116588940708,0.003997335109926716,0
2144,0.17526881383286058,0.8196332885450066,0.0050978976221328675,1
2145,0.9430427179615288,0.056957282038471134,0.0,0
2146,0.002019201967220529,0.0,0.9979807980327795,2
2147,0.2710683729704127,0.14346026503735335,0.585471361992234,2
2148,0.998003992015968,0.001996007984031936,0.0,0
2149,0.1281009167840632,0.8539752635613805,0.017923819654556333,1
2150,0.9321380574673342,0.06786194253266578,0.0,0
2151,0.9851173513945003,0.014882648605499727,0.0,0
2152,0.998003992015968,0.001996007984031936,0.0,0
2153,0.5742720139363015,0.2505223782377755,0.17520560782592304,0
2154,1.0,0.0,0.0,0
2155,0.0061566992571054574,0.01851241608392995,0.9753308846589646,2
2156,0.9957321225879683,0.004267877412031782,0.0,0
2157,0.9696092619392185,0.030390738060781474,0.0,0
2158,0.5091355592692718,0.4837509163351055,0.007113524395622579,0
2159,0.9190484208834196,0.08095157911658034,0.0,0
2160,1.0,0.0,0.0,0
2161,1.0,0.0,0.0,0
2162,0.9880534637069748,0.011946536293025273,0.0,0
2163,0.7957349745732973,0.20426502542670263,0.0,0
2164,0.996669442131557,0.0033305578684429634,0.0,0
2165,0.9589887468871694,0.0,0.04101125311283066,0
2166,1.0,0.0,0.0,0
2167,0.21719684336693765,0.7424155437243285,0.04038761290873395,1
2168,0.9975031210986268,0.0024968789013732834,0.0,0
2169,1.0,0.0,0.0,0
2170,0.956391867056536,0.006001234549941533,0.03760689839352259,0
2171,0.7253133341294425,0.27468666587055746,0.0,0
2172,0.9786485956955654,0.02135140430443457,0.0,0
2173,0.9779050736497544,0.022094926350245493,0.0,0
2174,0.061522524605311664,0.9384774753946884,0.0,1
2175,0.9957325746799431,0.0042674253200568986,0.0,0
2176,0.004538990068756388,0.013798289222334783,0.9816627207089087,2
2177,1.0,0.0,0.0,0
2178,1.0,0.0,0.0,0
2179,1.0,0.0,0.0,0
2180,0.9926170957380508,0.007382904261949279,0.0,0
2181,0.9917273328921244,0.00827266710787558,0.0,0
2182,0.9707069758486895,0.0034462381354482944,0.02584678601586221,0
2183,0.9728089321016298,0.02719106789837021,0.0,0
2184,0.9500396510705789,0.003806502775574941,0.04615384615384615,0
2185,0.9949984665879298,0.005001533412070237,0.0,0
2186,1.0,0.0,0.0,0
2187,0.7017869146375165,0.29585286893630364,0.002360216426179902,0
2188,0.9970089730807579,0.0029910269192422734,0.0,0
2189,0.012704892958275095,0.08006165961117788,0.907233447430547,2
2190,0.9896324222431667,0.010367577756833174,0.0,0
2191,0.9861769122359152,0.0138230877640848,0.0,0
2192,0.9712158808933002,0.009760132340777501,0.019023986765922245,0
2193,0.12009663539042773,0.8799033646095722,0.0,1
2194,0.9407410289179386,0.05925897108206139,0.0,0
2195,0.9761612821930084,0.007075341558765947,0.016763376248225693,0
2196,0.9957325746799431,0.0042674253200568986,0.0,0
2197,1.0,0.0,0.0,0
2198,0.9899713467048711,0.010028653295128939,0.0,0
2199,0.002567651766268803,0.08955003968725234,0.9078823085464788,2
